"","PC1_GE","PC2_GE","Sample","lib.size","norm.factors","ID","rna_lib_type","rna_batch","pair","mother","sex","date_birth","remark","year","group","sample_collection_date","sample_collection_Dec_days","delta_days_samples","age_days","tissue","colony","life_history_stage","WBCin10_total","WBCin10_Neutro","WBCin10_Eo","WBCin10_Baso","WBCin10_Lympho","WBCin10_Mono","Diff_Neutro","Diff_Eo","Diff_Baso","Diff_Lympho","Diff_Mono","TimeTo100","WBC_ratio","WBC_ratio_log","PC1","PC2","PC3","PC4","PC5"
"1",-45.8909052715168,-4.41294183078125,"C1_FWB_pup_start_2018A",11886510.0275422,0.685663204535507,"C1","DNBSEQ Transcriptome","F20FTSEUHT1199_ARCcdmE","F1_C1","F1","M",NA,NA,"2018_2019","1","10-12-2018",10,0,"2to5","blood","FWB","Pup","8","1","0","1","6","0",4,1,6,88,1,NA,0.136363636363636,-1.99243016469021,-0.0177474743925603,0.041274884561993,0.00785672360616701,0.0305170388524845,0.0614046041710347
"2",41.4719346678736,42.712909888101,"C1_FWB_pup_end_2018B",30842738.6170758,1.34669322014606,"C1","DNBSEQ Transcriptome","F20FTSEUHT1199_ARCcdmE","F1_C1","F1","M",NA,"not sure about delta days","2018_2019","2","02-02-2019",64,54,"57","blood","FWB","Pup","1","1","0","0","0","0",47,8,7,35,3,"68",1.85714285714286,0.619039208406224,-0.0177474743925603,0.041274884561993,0.00785672360616701,0.0305170388524845,0.0614046041710347
"3",68.4869621934481,5.45368585639671,"C11_FWB_pup_start_2018B",29668353.4273468,1.38915388344585,"C11","DNBSEQ Transcriptome","F20FTSEUHT1199_ARCcdmE","F11_C11","F11","F",NA,NA,"2018_2019","1","18-12-2018",18,0,"2to5","blood","FWB","Pup","2","2","0","0","0","0",39,2,0,52,7,"38",0.923076923076923,-0.0800427076735364,-0.0191888615645462,0.0234606012518329,-0.0217013370759927,-0.0241259857135923,0.0553746409418524
"4",-73.5329034909497,-63.4255121272012,"C14_FWB_pup_start_2018B",13656587.6967012,0.569815793553358,"C14","DNBSEQ Transcriptome","F20FTSEUHT1199_ARCutzE","F14_C14","F14","M",NA,NA,"2018_2019","1","20-12-2018",20,0,"2to5","blood","FWB","Pup","17","0","0","0","17","0",11,1,0,88,0,"9",0.136363636363636,-1.99243016469021,-0.0226538665255861,-0.0200591345408045,-0.0304060418275773,0.010005083453797,0.0433573460002541
"5",18.5488915039214,-18.9266461692074,"C14_FWB_pup_end_2018B",23105004.4878128,1.06787425113583,"C14","DNBSEQ Transcriptome","F20FTSEUHT1199_ARCcdmE","F14_C14","F14","M",NA,"not sure about delta days","2018_2019","2","07-02-2019",69,49,"52","blood","FWB","Pup","6","2","0","0","4","0",29,8,3,56,4,"125",0.785714285714286,-0.241162056816888,-0.0226538665255861,-0.0200591345408045,-0.0304060418275773,0.010005083453797,0.0433573460002541
"6",21.0126870691896,-46.4743684134802,"C15_FWB_pup_start_2018B",30793930.6285769,1.15805743547958,"C15","DNBSEQ Transcriptome","F20FTSEUHT1199_ARCcdmE","F15_C15","F15","M",NA,NA,"2018_2019","1","20-12-2018",20,0,"2to5","blood","FWB","Pup","4","1","0","0","3","0",16,4,0,75,5,"41",0.333333333333333,-1.09861228866811,-0.0188990860766718,0.00831134060495917,-0.0282380931469097,-0.031753168615702,0.00567453844001377
"7",-22.463341255836,-16.777569802996,"C16_FWB_pup_start_2018B",30943331.5637802,1.13630107130287,"C16","DNBSEQ Transcriptome","F20FTSEUHT1199_ARCuueE","F16_C16","F16","M",NA,NA,"2018_2019","1","20-12-2018",20,0,"2to5","blood","FWB","Pup","2","0","0","0","2","0",14,3,0,80,3,"60",0.25,-1.38629436111989,0.0168890519247293,0.0333314673405156,-0.0020073260559035,-0.0449350117066275,0.0368504644728005
"8",51.1512866237327,-6.9949588679654,"C17_FWB_pup_start_2018B",28984294.5905652,1.23951931139589,"C17","DNBSEQ Transcriptome","F20FTSEUHT1199_ARCcdmE","F17_C17","F17","M",NA,NA,"2018_2019","1","20-12-2018",20,0,"2to5","blood","FWB","Pup","0","0","0","0","0","0",10,5,12,67,6,"250",0.492537313432836,-0.708185057924486,-0.0279299140538463,0.0240392120116837,-0.0527162930834576,0.0180726635617379,0.0293134925419068
"9",12.660127366152,48.634486283337,"C17_FWB_pup_end_2018B",26121967.507918,1.29603616352715,"C17","DNBSEQ Transcriptome","F20FTSEUHT1199_ARCcdmE","F17_C17","F17","M",NA,"not sure about delta days","2018_2019","2","11-02-2019",73,53,"56","blood","FWB","Pup","6","5","0","0","0","1",61,3,0,22,14,"27",3.54545454545455,1.26566637333128,-0.0279299140538463,0.0240392120116837,-0.0527162930834576,0.0180726635617379,0.0293134925419068
"10",15.7486936117051,-36.2627389416472,"C18_FWB_pup_start_2018B",28480519.3159153,1.11001762426955,"C18","DNBSEQ Transcriptome","F20FTSEUHT1199_ARCutzE","F18_C18","F18","F",NA,NA,"2018_2019","1","20-12-2018",20,0,"2to5","blood","FWB","Pup","1","0","0","0","0","1",8,8,0,78,6,"83",0.282051282051282,-1.26566637333128,-0.0249819726361243,-0.0445657017295909,-0.0351704916489411,-0.0229896984766423,0.00449092035583114
"11",-40.5600083318657,53.1405163275323,"C18_FWB_pup_end_2018B",31953589.0098181,1.17005326313753,"C18","DNBSEQ Transcriptome","F20FTSEUHT1199_ARCcdmE","F18_C18","F18","F",NA,"not sure about delta days","2018_2019","2","11-02-2019",73,53,"56","blood","FWB","Pup","5","1","0","0","2","2",58,6,0,24,12,"20",3.16666666666667,1.15267950993839,-0.0249819726361243,-0.0445657017295909,-0.0351704916489411,-0.0229896984766423,0.00449092035583114
"12",36.3474545458165,-33.5811591770765,"C19_FWB_pup_start_2018B",27696566.0695207,1.1263506187049,"C19","DNBSEQ Transcriptome","F20FTSEUHT1199_ARCcdmE","F19_C19","F19","F",NA,NA,"2018_2019","1","20-12-2018",20,0,"2to5","blood","FWB","Pup","2","0","0","0","2","0",13,1,0,80,6,"37",0.25,-1.38629436111989,-0.0291379860806858,0.0118671415037007,-0.0206139048531018,0.0174890052441248,0.0468373058360326
"13",-10.9161070656103,22.0648621347283,"C19_FWB_pup_end_2018B",8021022.94129344,0.864387968718739,"C19","DNBSEQ Transcriptome","F20FTSEUHT1199_ARCcdmE","F19_C19","F19","F",NA,"not sure about delta days","2018_2019","2","05-02-2019",67,47,"50","blood","FWB","Pup","4","1","0","0","3","0",31,7,2,53,7,"26",0.886792452830189,-0.120144311842063,-0.0291379860806858,0.0118671415037007,-0.0206139048531018,0.0174890052441248,0.0468373058360326
"14",74.8205566250672,-64.4790297313271,"C21_FWB_pup_start_2018",11482968.0784298,0.995708192949049,"C21","BGISEQ-500 Transcriptome","F20FTSEUHT0820_ARCbfrE","F21_C21","F21","M",NA,NA,"2018_2019","1","21-12-2018",21,0,"2to5","blood","FWB","Pup","1","0","0","0","1","0",31,8,0,58,3,"36",0.724137931034483,-0.322773392263051,-0.0239281592126235,-0.0151472677829549,0.0340506567020378,0.000538533684670413,-0.00891115138314498
"15",-36.6954665598966,-20.1350945107108,"C24_FWB_pup_start_2018B",30158548.3303977,1.10778682805231,"C24","DNBSEQ Transcriptome","F20FTSEUHT1199_ARCcdmE","F24_C24","F24","M",NA,NA,"2018_2019","1","21-12-2018",21,0,"2to5","blood","FWB","Pup","3","2","0","0","1","0",31,14,0,46,9,"25",1.17391304347826,0.160342650075179,-0.0118730293721497,0.00405705957526139,-0.0114622474733074,-0.0124063024546997,-0.010617369073381
"16",-117.814225402136,13.0473374141605,"C24_FWB_pup_end_2018B",20914490.809852,0.90894927742975,"C24","DNBSEQ Transcriptome","F20FTSEUHT1199_ARCcdmE","F24_C24","F24","M",NA,"not sure about delta days","2018_2019","2","17-02-2019",79,58,"61","blood","FWB","Pup","11","4","3","0","1","3",55,13,4,17,11,"13",4.88235294117647,1.58562726374038,-0.0118730293721497,0.00405705957526139,-0.0114622474733074,-0.0124063024546997,-0.010617369073381
"17",-71.628451635739,61.4921137078174,"C5_FWB_pup_start_2018B",16022472.9784813,0.985293873202958,"C5","DNBSEQ Transcriptome","F20FTSEUHT1199_ARCutzE","F5_C5","F5","M",NA,NA,"2018_2019","1","14-12-2018",14,0,"2to5","blood","FWB","Pup","18","0","0","0","18","0",6,2,0,92,0,"10",0.0869565217391304,-2.4423470353692,-0.0124477435808338,0.112904530073752,0.139280463616064,0.165636169082833,-0.0475268806610979
"18",-20.6513762015461,57.2090697377658,"C5_FWB_pup_end_2018B",16849955.8609979,1.11411502425247,"C5","DNBSEQ Transcriptome","F20FTSEUHT1199_ARCuueE","F5_C5","F5","M",NA,"not sure about delta days","2018_2019","2","09-02-2019",71,57,"60","blood","FWB","Pup","1","0","0","0","1","0",10,0,3,87,0,"200",0.149425287356322,-1.90095876119305,-0.0124477435808338,0.112904530073752,0.139280463616064,0.165636169082833,-0.0475268806610979
"19",54.6103832386432,-17.6100653536274,"C6_FWB_pup_start_2018B",25908766.361214,1.17639298154048,"C6","DNBSEQ Transcriptome","F20FTSEUHT1199_ARCcdmE","F6_C6","F6","F",NA,NA,"2018_2019","1","15-12-2018",15,0,"2to5","blood","FWB","Pup","3","1","0","0","2","0",18,9,0,69,4,"32",0.449275362318841,-0.800119300112113,-0.0028163744137063,0.00809114353553938,-0.00807831853722385,-0.032706547076901,-0.0320142412056517
"20",32.4436208571434,20.4985626667453,"C6_FWB_pup_end_2018B",30044033.416216,1.26332940606293,"C6","DNBSEQ Transcriptome","F20FTSEUHT1199_ARCcdmE","F6_C6","F6","F",NA,"not sure about delta days","2018_2019","2","06-02-2019",68,53,"56","blood","FWB","Pup","5","2","1","0","0","2",30,5,0,58,7,"90",0.724137931034483,-0.322773392263051,-0.0028163744137063,0.00809114353553938,-0.00807831853722385,-0.032706547076901,-0.0320142412056517
"21",-60.4366480849819,-62.0632719497967,"C7_FWB_pup_start_2018B",31935402.974788,0.904194191988272,"C7","DNBSEQ Transcriptome","F20FTSEUHT1199_ARCcdmE","F7_C7","F7","M",NA,"not sure about age","2018_2019","1","17-12-2018",17,0,"2to5","blood","FWB","Pup","1","0","0","1","0","0",0,10,3,82,5,"86",0.219512195121951,-1.51634748936809,-0.0150269830753783,-0.0393306389747797,-0.00440458719236856,-0.00908580698612509,0.0254849698664303
"22",40.6374855633615,47.5648505262724,"C7_FWB_pup_end_2018B",20360652.5548882,1.20389953585299,"C7","DNBSEQ Transcriptome","F20FTSEUHT1199_ARCcdmE","F7_C7","F7","M",NA,"not sure about age","2018_2019","2","16-02-2019",78,61,"64","blood","FWB","Pup","4","1","0","0","3","0",34,13,2,48,3,"40",1.08333333333333,0.0800427076735364,-0.0150269830753783,-0.0393306389747797,-0.00440458719236856,-0.00908580698612509,0.0254849698664303
"23",-26.7840399223291,-1.74917821539139,"C8_FWB_pup_start_2018B",13826993.1490199,0.89760572871579,"C8","DNBSEQ Transcriptome","F20FTSEUHT1199_ARCcdmE","F8_C8","F8","M",NA,NA,"2018_2019","1","17-12-2018",17,0,"2to5","blood","FWB","Pup","2","0","0","0","2","0",25,2,0,71,2,"50",0.408450704225352,-0.895384047054841,-0.0384497100251171,-0.0186673715279982,0.0116780335454558,0.00459860426763326,0.0123927324216596
"24",-91.5520123257434,62.9172917071675,"C8_FWB_pup_end_2018B",20147762.3944172,1.09790140988978,"C8","DNBSEQ Transcriptome","F20FTSEUHT1199_ARCutzE","F8_C8","F8","M",NA,"not sure about delta days","2018_2019","2","07-02-2019",69,52,"55","blood","FWB","Pup","3","1","0","0","2","0",27,3,1,61,8,"47",0.639344262295082,-0.447312218043665,-0.0384497100251171,-0.0186673715279982,0.0116780335454558,0.00459860426763326,0.0123927324216596
"25",2.72012192675405,0.402718412053922,"C9_FWB_pup_start_2018B",11605594.5706166,1.02821459761889,"C9","DNBSEQ Transcriptome","F20FTSEUHT1199_ARCcdmE","F9_C9","F9","M",NA,NA,"2018_2019","1","17-12-2018",17,0,"2to5","blood","FWB","Pup","3","1","0","0","2","0",14,5,1,76,4,"52",0.315789473684211,-1.15267950993839,-0.00624955786521123,0.00315373246406041,0.00908394835677658,-0.0337902862626972,0.0180293826781763
"26",-45.186705364069,72.2578206934918,"C9_FWB_pup_end_2018B",7643041.47661679,0.702361723865444,"C9","DNBSEQ Transcriptome","F20FTSEUHT1199_ARCcdmE","F9_C9","F9","M",NA,"not sure about delta days","2018_2019","2","06-02-2019",68,51,"54","blood","FWB","Pup","11","2","0","0","9","0",16,2,0,81,1,"14",0.234567901234568,-1.450010175506,-0.00624955786521123,0.00315373246406041,0.00908394835677658,-0.0337902862626972,0.0180293826781763
"27",82.740924508913,-25.7069587819396,"H13_SSB_pup_start_2018B",28787092.6149385,1.29083510700474,"H13","DNBSEQ Transcriptome","F20FTSEUHT1199_ARCcdmE","S14_H13","S14","M","10-12-2018",NA,"2018_2019","1","12-12-2018",12,0,"2","blood","SSB","Pup","3","3","0","0","0","0",50,10,0,30,10,"25",2.33333333333333,0.847297860387204,0.00797704566042139,0.0771329667467886,-0.0325613059020977,0.0221853353735846,0.0300513453854474
"28",-17.7534982370992,38.660215928358,"H13_SSB_pup_end_2018B",19342071.6955811,1.0342326160137,"H13","DNBSEQ Transcriptome","F20FTSEUHT1199_ARCuueE","S14_H13","S14","M","10-12-2018",NA,"2018_2019","2","08-02-2019",70,58,"60","blood","SSB","Pup","4","1","0","0","3","0",40,6,1,42,11,"18",1.38095238095238,0.322773392263051,0.00797704566042139,0.0771329667467886,-0.0325613059020977,0.0221853353735846,0.0300513453854474
"29",-69.9903446810572,20.0815020445854,"H14_SSB_pup_start_2018B",14825123.2889703,0.765518805346096,"H14","DNBSEQ Transcriptome","F20FTSEUHT1199_ARCcdmE","S15_H14","S15","M","11-12-2018",NA,"2018_2019","1","13-12-2018",13,0,"2","blood","SSB","Pup","2","0","0","0","2","0",10,0,0,86,4,"17",0.162790697674419,-1.81528996663825,0.352061657610636,-0.042269049132489,-0.0157257222962752,0.0380748205154813,-0.0177719471900303
"30",-79.8065851564373,38.0293433624847,"H14_SSB_pup_end_2018B",9969738.76579793,0.655935697766239,"H14","DNBSEQ Transcriptome","F20FTSEUHT1199_ARCutzE","S15_H14","S15","M","11-12-2018",NA,"2018_2019","2","07-02-2019",69,56,"58","blood","SSB","Pup","6","1","1","0","4","0",39,10,1,46,4,"18",1.17391304347826,0.160342650075179,0.352061657610636,-0.042269049132489,-0.0157257222962752,0.0380748205154813,-0.0177719471900303
"31",65.4914165645639,6.86759793868275,"H15_SSB_pup_end_2018",12040509.5504699,0.964834898954393,"H15","BGISEQ-500 Transcriptome","F20FTSEUHT0820_ARCbfrE","S16_H15","S16","F","10-12-2018",NA,"2018_2019","2","07-02-2019",69,56,"59","blood","SSB","Pup","8","6","0","0","2","0",55,6,0,35,4,"15",1.85714285714286,0.619039208406224,-0.0162562689669671,0.0337615371186215,0.00787092229074318,-0.023252977899407,-0.0225368725890818
"32",-97.4492237043933,-34.9503443247531,"H16_SSB_pup_start_2018B",22034604.5719049,0.836342951323055,"H16","DNBSEQ Transcriptome","F20FTSEUHT1199_ARCcdmE","S17_H16","S17","F","11-12-2018",NA,"2018_2019","1","14-12-2018",14,0,"3","blood","SSB","Pup","4","0","0","0","3","1",61,8,0,20,11,"28",4,1.38629436111989,-0.00416290485686888,0.0110566446291115,-0.0373088421541118,-0.018854471478524,-0.00976439323422638
"33",-73.084815441018,46.6857978055729,"H16_SSB_pup_end_2018B",28498675.3189467,1.08152960218523,"H16","DNBSEQ Transcriptome","F20FTSEUHT1199_ARCuueE","S17_H16","S17","F","11-12-2018",NA,"2018_2019","2","16-02-2019",78,64,"67","blood","SSB","Pup","0","0","0","0","0","0",34,7,1,57,1,"177",0.754385964912281,-0.281851152140988,-0.00416290485686888,0.0110566446291115,-0.0373088421541118,-0.018854471478524,-0.00976439323422638
"34",23.7786380225708,-28.0405696791958,"H17_SSB_pup_start_2018B",24169212.6396708,1.10098959351201,"H17","DNBSEQ Transcriptome","F20FTSEUHT1199_ARCcdmE","S18_H17","S18","F","12-12-2018",NA,"2018_2019","1","15-12-2018",15,0,"3","blood","SSB","Pup","12","1","0","0","10","1",24,5,0,65,6,"9",0.538461538461538,-0.619039208406224,-0.00216935691195944,-0.0818217938386181,0.0620779508370649,-0.221717618533425,-0.373078260016291
"35",-21.8559969606329,53.5558073524644,"H17_SSB_pup_end_2018B",21479030.2300829,1.08734939852919,"H17","DNBSEQ Transcriptome","F20FTSEUHT1199_ARCokaE","S18_H17","S18","F","12-12-2018",NA,"2018_2019","2","12-02-2019",74,59,"62","blood","SSB","Pup","5","4","0","0","1","0",50,5,0,38,7,"14",1.63157894736842,0.489548225318706,-0.00216935691195944,-0.0818217938386181,0.0620779508370649,-0.221717618533425,-0.373078260016291
"36",-81.934498206315,-27.4968733566471,"H18_SSB_pup_start_2018B",18043626.3558627,0.875729681326854,"H18","DNBSEQ Transcriptome","F20FTSEUHT1199_ARCcdmE","S19_H18","S19","M","14-12-2018",NA,"2018_2019","1","16-12-2018",16,0,"2","blood","SSB","Pup","5","0","0","0","5","0",20,4,0,70,6,"24",0.428571428571429,-0.847297860387204,-0.103380061893732,-0.343193700935447,0.0698943586260789,0.153590120286778,-0.00968427593959692
"37",-34.0826686754434,57.0867939309391,"H18_SSB_pup_end_2018B",29812166.9836045,1.10337119883091,"H18","DNBSEQ Transcriptome","F20FTSEUHT1199_ARCcdmE","S19_H18","S19","M","14-12-2018",NA,"2018_2019","2","13-02-2019",75,59,"61","blood","SSB","Pup","6","2","0","0","4","0",11,4,0,84,1,"22",0.19047619047619,-1.65822807660353,-0.103380061893732,-0.343193700935447,0.0698943586260789,0.153590120286778,-0.00968427593959692
"38",-64.8668547606347,10.283839066589,"H19_SSB_pup_start_2018B",7630472.19389991,0.684746491994542,"H19","DNBSEQ Transcriptome","F20FTSEUHT1199_ARCutzE","S20_H19","S20","F","14-12-2018",NA,"2018_2019","1","16-12-2018",16,0,"2","blood","SSB","Pup","3","1","1","0","1","0",52,9,1,34,4,"20",1.94117647058824,0.663294217410264,-0.00450309702621896,0.00573556663537408,0.0283503403786015,-0.0422447110226047,0.00146525497977787
"39",-87.9768321949603,66.982069056361,"H19_SSB_pup_end_2018B",8626595.59775121,0.837762794796345,"H19","DNBSEQ Transcriptome","F20FTSEUHT1199_ARCutzE","S20_H19","S20","F","14-12-2018",NA,"2018_2019","2","30-01-2019",61,45,"47","blood","SSB","Pup","6","1","0","0","5","0",31,9,1,51,8,"25",0.96078431372549,-0.0400053346136991,-0.00450309702621896,0.00573556663537408,0.0283503403786015,-0.0422447110226047,0.00146525497977787
"40",-16.8657073999876,-68.9193900998664,"H20_SSB_pup_start_2018B",29834830.9699323,0.982490504268846,"H20","DNBSEQ Transcriptome","F20FTSEUHT1199_ARCcdmE","S21_H20","S21","M","20-12-2018",NA,"2018_2019","1","23-12-2018",23,0,"3","blood","SSB","Pup","0","0","0","0","0","0",40,20,0,36,4,"97",1.77777777777778,0.575364144903562,-0.114699508087918,-0.35773236882202,0.135096568001727,0.142431331988197,-0.00238774017993004
"41",-34.4545806423224,-12.5912491239591,"H20_SSB_pup_end_2018B",7250610.16419634,0.84158629522939,"H20","DNBSEQ Transcriptome","F20FTSEUHT1199_ARCcdmE","S21_H20","S21","M","20-12-2018",NA,"2018_2019","2","15-02-2019",77,54,"57","blood","SSB","Pup","4","2","0","0","2","0",54,15,1,27,3,"15",2.7037037037037,0.994622575144062,-0.114699508087918,-0.35773236882202,0.135096568001727,0.142431331988197,-0.00238774017993004
"42",45.3072507699734,21.0890816698007,"H22_SSB_pup_start_2018B",30675712.2615798,1.35956921909917,"H22","DNBSEQ Transcriptome","F20FTSEUHT1199_ARCcdmE","S23_H22","S23","F","22-12-2018",NA,"2018_2019","1","25-12-2018",25,0,"3","blood","SSB","Pup","2","0","0","0","2","0",23,15,0,59,3,"15",0.694915254237288,-0.363965377201412,-0.0824184647601869,-0.367856273654063,0.0985226096504086,0.198711051787832,0.00984333110172176
"43",40.3877433747855,69.6885527542465,"H22_SSB_pup_end_2018B",21595250.6366214,1.25109948123554,"H22","DNBSEQ Transcriptome","F20FTSEUHT1199_ARCcdmE","S23_H22","S23","F","22-12-2018",NA,"2018_2019","2","11-02-2019",73,48,"51","blood","SSB","Pup","7","0","0","0","7","0",22,6,0,69,3,"14",0.449275362318841,-0.800119300112113,-0.0824184647601869,-0.367856273654063,0.0985226096504086,0.198711051787832,0.00984333110172176
"44",9.75095442936424,21.4928711826427,"H3_SSB_pup_start_2018B",27193173.1469721,1.32232981063694,"H3","DNBSEQ Transcriptome","F20FTSEUHT1199_ARCuueE","S2_H3","S2","F","03-12-2018",NA,"2018_2019","1","05-12-2018",5,0,"2","blood","SSB","Pup","2","1","0","0","1","0",28,0,0,67,5,"70",0.492537313432836,-0.708185057924486,-0.00368787036496377,-0.0260534249225744,-0.0166229775997127,-0.0732030466088243,-0.0163679047890151
"45",-44.9111171926042,44.0142000593008,"H3_SSB_pup_end_2018B",14372375.1985794,1.01757837726992,"H3","DNBSEQ Transcriptome","F20FTSEUHT1199_ARCutzE","S2_H3","S2","F","03-12-2018",NA,"2018_2019","2","06-02-2019",68,63,"65","blood","SSB","Pup","8","2","1","0","5","0",22,2,0,73,3,"17",0.36986301369863,-0.994622575144062,-0.00368787036496377,-0.0260534249225744,-0.0166229775997127,-0.0732030466088243,-0.0163679047890151
"46",-15.8384547295766,12.8047067130864,"H6_SSB_pup_start_2018B",13494836.0403886,0.968691297118006,"H6","DNBSEQ Transcriptome","F20FTSEUHT1199_ARCcdmE","S6_H6","S6","M","04-12-2018",NA,"2018_2019","1","07-12-2018",7,0,"3","blood","SSB","Pup","9","1","0","0","6","2",34,4,0,53,9,"18",0.886792452830189,-0.120144311842063,-0.00705474961741384,0.00326074789907182,-0.0231460525276643,-0.0468208525720577,0.0725298448504958
"47",6.07058585409627,17.3649661101207,"H6_SSB_pup_end_2018B",9239781.25255956,0.899811900425767,"H6","DNBSEQ Transcriptome","F20FTSEUHT1199_ARCcdmE","S6_H6","S6","M","04-12-2018",NA,"2018_2019","2","03-02-2019",65,58,"61","blood","SSB","Pup","12","5","1","0","4","2",15,3,0,77,5,"13",0.298701298701299,-1.20831120592453,-0.00705474961741384,0.00326074789907182,-0.0231460525276643,-0.0468208525720577,0.0725298448504958
"48",-34.4831390799705,-5.20977377443272,"H7_SSB_pup_start_2018B",18757948.4931562,0.714436741103122,"H7","DNBSEQ Transcriptome","F20FTSEUHT1199_ARCcdmE","S7_H7","S7","F","05-12-2018",NA,"2018_2019","1","08-12-2018",8,0,"3","blood","SSB","Pup","3","2","0","0","0","1",39,10,0,35,16,"26",1.85714285714286,0.619039208406224,-0.0032600957085134,-0.0333439298797715,-0.0402567388567306,-0.0210272390757985,-0.0101415371442047
"49",39.5206780073237,-0.979043311618572,"H8_SSB_pup_start_2018B",29591988.8675563,1.33309374434226,"H8","DNBSEQ Transcriptome","F20FTSEUHT1199_ARCcdmE","S9_H8","S9","M","05-12-2018",NA,"2018_2019","1","09-12-2018",9,0,"4","blood","SSB","Pup","4","0","0","0","2","2",47,4,0,27,22,"33",2.7037037037037,0.994622575144062,-0.0344032162324159,0.0214490144205504,-0.00763420991093834,-0.0373963033861867,0.0330627743743041
"50",-3.65259503529994,-12.3161793943655,"H8_SSB_pup_end_2018B",15728822.8045824,0.997350992921622,"H8","DNBSEQ Transcriptome","F20FTSEUHT1199_ARCcdmE","S9_H8","S9","M","05-12-2018",NA,"2018_2019","2","19-02-2019",81,72,"76","blood","SSB","Pup","8","1","0","0","7","0",20,0,1,73,6,"27",0.36986301369863,-0.994622575144062,-0.0344032162324159,0.0214490144205504,-0.00763420991093834,-0.0373963033861867,0.0330627743743041
"51",-49.1774766315029,-20.3717593253812,"N10_FWB_pup_start_2019B",9743238.47145479,0.417785455897759,"N10","DNBSEQ Transcriptome","F20FTSEUHT1199_ARCcdmE","FWB10_N10","FWB10","F",NA,NA,"2019_2020","1","11-12-2019",11,0,"2to5","blood","FWB","Pup","0","0","0","0","0","0",13,5,2,74,6,"49",0.351351351351351,-1.04596855518269,-0.000922401957286656,0.0208350146821788,0.0441420040912147,-0.029913210866734,0.025341293457525
"52",30.5122157975447,21.019485139385,"N10_FWB_pup_end_2019B",14005137.7096068,0.87099698359898,"N10","DNBSEQ Transcriptome","F20FTSEUHT1199_ARCutzE","FWB10_N10","FWB10","F",NA,"not sure about delta days","2019_2020","2","16-02-2020",78,67,"70","blood","FWB","Pup","5","3","0","0","2","0",43,2,2,46,7,"16",1.17391304347826,0.160342650075179,-0.000922401957286656,0.0208350146821788,0.0441420040912147,-0.029913210866734,0.025341293457525
"53",23.7543157030255,20.4910644411789,"N12_FWB_pup_start_2019B",21208883.1716286,1.07052444770736,"N12","DNBSEQ Transcriptome","F20FTSEUHT1199_ARCcdmE","FWB12_N12","FWB12","F",NA,NA,"2019_2020","1","11-12-2019",11,0,"2to5","blood","FWB","Pup","5","4","1","0","0","0",67,12,3,17,1,"17",4.88235294117647,1.58562726374038,-0.0138583980089136,-0.0255950282555347,0.014223226850428,-0.0566776236941547,-0.0258188791993922
"54",56.5119842450113,38.0250415313626,"N12_FWB_pup_end_2019B",13490332.4446391,1.11731438402144,"N12","DNBSEQ Transcriptome","F20FTSEUHT1199_ARCcdmE","FWB12_N12","FWB12","F",NA,"not sure about delta days","2019_2020","2","19-02-2020",81,70,"73","blood","FWB","Pup","3","1","0","0","2","0",48,2,0,49,1,"25",1.04081632653061,0.0400053346136992,-0.0138583980089136,-0.0255950282555347,0.014223226850428,-0.0566776236941547,-0.0258188791993922
"55",9.40200206075821,-59.2017701269523,"N14_FWB_pup_start_2019B",24494099.2784866,0.955185754084877,"N14","DNBSEQ Transcriptome","F20FTSEUHT1199_ARCcdmE","FWB14_N14","FWB14","F",NA,NA,"2019_2020","1","12-12-2019",12,0,"2to5","blood","FWB","Pup","0","0","0","0","0","0",47,10,1,38,4,"50",1.63157894736842,0.489548225318706,-0.0223236696061419,0.00271373964689156,0.0275184580279994,-0.000606292186168923,-0.00188631208319148
"56",30.513601452926,24.709504090712,"N14_FWB_pup_end_2019B",9486240.06704558,0.968890672616733,"N14","DNBSEQ Transcriptome","F20FTSEUHT1199_ARCcdmE","FWB14_N14","FWB14","F",NA,"not sure about delta days","2019_2020","2","27-02-2020",89,77,"80","blood","FWB","Pup","4","2","0","0","2","0",25,0,0,66,9,"29",0.515151515151515,-0.663294217410264,-0.0223236696061419,0.00271373964689156,0.0275184580279994,-0.000606292186168923,-0.00188631208319148
"57",-78.5280616420178,-90.7567623611213,"N15_FWB_pup_start_2019B",9330357.65572243,0.590783658179761,"N15","DNBSEQ Transcriptome","F20FTSEUHT1199_ARCcdmE","FWB15_N15","FWB15","M",NA,NA,"2019_2020","1","12-12-2019",12,0,"2to5","blood","FWB","Pup","4","2","0","0","2","0",60,5,0,32,3,"24",2.125,0.75377180237638,-0.00226013726879121,0.0265627836884438,-0.0652477885060058,0.038511383069871,-0.00407173704388182
"58",46.2559578576447,-14.0612062640883,"N15_FWB_pup_end_2019B",12996449.4045957,1.01066942655514,"N15","DNBSEQ Transcriptome","F20FTSEUHT1199_ARCcdmE","FWB15_N15","FWB15","M",NA,"not sure about delta days","2019_2020","2","17-02-2020",79,67,"70","blood","FWB","Pup","2","1","1","0","0","0",60,7,2,29,2,"15",2.44827586206897,0.895384047054841,-0.00226013726879121,0.0265627836884438,-0.0652477885060058,0.038511383069871,-0.00407173704388182
"59",-3.75154078460088,-50.1224156838837,"N17_FWB_pup_start_2019B",11912095.7467524,0.872677698174915,"N17","DNBSEQ Transcriptome","F20FTSEUHT1199_ARCcdmE","FWB17_N17","FWB17","M",NA,NA,"2019_2020","1","12-12-2019",12,0,"2to5","blood","FWB","Pup","2","0","0","0","1","1",35,8,0,47,10,"30",1.12765957446809,0.120144311842063,-0.00364680180750329,0.00647217940326763,-0.0133797393107614,-0.0165376630080805,0.0541142979265428
"60",16.1481753725264,-82.4368968441599,"N19_FWB_pup_start_2019B",34336802.9647899,1.04239977677259,"N19","DNBSEQ Transcriptome","F20FTSEUHT1199_ARCokaE","FWB19_N19","FWB19","F",NA,NA,"2019_2020","1","18-12-2019",18,0,"2to5","blood","FWB","Pup","1","0","0","0","1","0",22,18,3,54,3,"39",0.851851851851852,-0.160342650075179,0.000476426092720782,0.0160031503106624,-0.0120055818785772,-0.0282907858223819,0.0442555502715175
"61",21.2568418031424,-4.30893656292547,"N19_FWB_pup_end_2019B",18232889.1315212,1.08002710945006,"N19","DNBSEQ Transcriptome","F20FTSEUHT1199_ARCcdmE","FWB19_N19","FWB19","F",NA,"not sure about delta days","2019_2020","2","19-02-2020",81,63,"66","blood","FWB","Pup","2","1","0","0","1","0",47,10,0,34,9,"14",1.94117647058824,0.663294217410264,0.000476426092720782,0.0160031503106624,-0.0120055818785772,-0.0282907858223819,0.0442555502715175
"62",-40.4152104198432,-17.5460148865938,"N21_FWB_pup_start_2019B",24970819.4443043,1.02429360463095,"N21","DNBSEQ Transcriptome","F20FTSEUHT1199_ARCcdmE","FWB21_N21","FWB21","M",NA,NA,"2019_2020","1","20-12-2019",20,0,"2to5","blood","FWB","Pup","2","0","0","0","2","0",28,4,0,60,8,"49",0.666666666666667,-0.405465108108164,-0.0182146199623347,0.0332142471244802,-0.0280651936316288,-0.0337873712899079,-0.0353660293933041
"63",12.1634278271842,9.79172140799206,"N22_FWB_pup_start_2019B",11580486.0060818,0.893296306056227,"N22","DNBSEQ Transcriptome","F20FTSEUHT1199_ARCcdmE","FWB22_N22","FWB22","F",NA,NA,"2019_2020","1","20-12-2019",20,0,"2to5","blood","FWB","Pup","5","2","1","0","2","0",25,6,0,65,4,"41",0.538461538461538,-0.619039208406224,-0.00679880944851356,-0.0327307585618822,0.00458338053691195,-0.0202607112734142,-0.033793472788145
"64",36.8970711047769,-2.7060273026155,"N22_FWB_pup_end_2019B",16611917.8257251,1.0395549376506,"N22","DNBSEQ Transcriptome","F20FTSEUHT1199_ARCcdmE","FWB22_N22","FWB22","F",NA,"not sure about delta days","2019_2020","2","22-02-2020",84,64,"67","blood","FWB","Pup","2","1","0","0","1","0",35,9,0,51,5,"52",0.96078431372549,-0.0400053346136991,-0.00679880944851356,-0.0327307585618822,0.00458338053691195,-0.0202607112734142,-0.033793472788145
"65",52.5075462846659,-58.9046109358122,"N24_FWB_pup_start_2019B",25394461.5437325,1.04636554969131,"N24","DNBSEQ Transcriptome","F20FTSEUHT1199_ARCcdmE","FWB24_N24","FWB24","M",NA,NA,"2019_2020","1","20-12-2019",20,0,"2to5","blood","FWB","Pup","1","1","0","0","0","0",39,8,2,49,2,"63",1.04081632653061,0.0400053346136992,-0.0189131408999615,-0.00447020029507533,-0.0524943249073685,0.0178528091801044,0.0267249017881977
"66",-21.9579260863576,20.6394153308909,"N24_FWB_pup_end_2019B",32167706.0652819,1.2215879496689,"N24","DNBSEQ Transcriptome","F20FTSEUHT1199_ARCcdmE","FWB24_N24","FWB24","M",NA,"not sure about delta days","2019_2020","2","19-03-2020",110,90,"93","blood","FWB","Pup","1","1","0","0","0","0",49,10,0,30,11,"26",2.33333333333333,0.847297860387204,-0.0189131408999615,-0.00447020029507533,-0.0524943249073685,0.0178528091801044,0.0267249017881977
"67",14.3693751929343,-45.4507113731388,"N4_FWB_pup_end_2019B",9275391.98984996,0.618025740025817,"N4","DNBSEQ Transcriptome","F20FTSEUHT1199_ARCcdmE","FWB4_N4","FWB4","M",NA,"not sure about age","2019_2020","2","12-02-2020",74,64,"64","blood","FWB","Pup","8","4","0","0","4","0",43,4,0,47,6,"29",1.12765957446809,0.120144311842063,0.0064460997829659,0.032076776840271,-0.0487047734802285,-0.0350296285929525,0.032934662302256
"68",24.8691029174418,-48.8171344665246,"N5_FWB_pup_start_2019B",32214756.9018401,1.1899101741684,"N5","DNBSEQ Transcriptome","F20FTSEUHT1199_ARCcdmE","FWB5_N5","FWB5","M",NA,NA,"2019_2020","1","10-12-2019",10,0,"2to5","blood","FWB","Pup","7","3","1","0","1","2",56,16,1,18,9,"74",4.55555555555556,1.51634748936809,0.00174497275593491,0.007754221609856,-0.0295330131469853,-0.0219956539864749,-0.017670021836676
"69",44.5703290088012,112.563654849471,"N5_FWB_pup_end_2019B",32310974.8906821,1.48254813496462,"N5","DNBSEQ Transcriptome","F20FTSEUHT1199_ARCcdmE","FWB5_N5","FWB5","M",NA,"not sure about delta days","2019_2020","2","21-02-2020",83,73,"76","blood","FWB","Pup","1","1","0","0","0","0",13,6,5,73,3,"30",0.36986301369863,-0.994622575144062,0.00174497275593491,0.007754221609856,-0.0295330131469853,-0.0219956539864749,-0.017670021836676
"70",3.2832037105442,-99.6321619308792,"N6_FWB_pup_start_2019B",12389457.2559552,0.735365063364077,"N6","DNBSEQ Transcriptome","F20FTSEUHT1199_ARCcdmE","FWB6_N6","FWB6","M",NA,NA,"2019_2020","1","10-12-2019",10,0,"2to5","blood","FWB","Pup","2","0","0","1","1","0",34,10,8,48,0,"26",1.08333333333333,0.0800427076735364,0.00143128995682379,0.00691108159846622,0.0412418867897359,-0.0728807390079253,-0.0259474050425717
"71",51.6628734427519,33.1887116670568,"N6_FWB_pup_end_2019B",31947787.5027104,1.29764608380372,"N6","DNBSEQ Transcriptome","F20FTSEUHT1199_ARCcdmE","FWB6_N6","FWB6","M",NA,"not sure about delta days","2019_2020","2","10-02-2020",72,62,"65","blood","FWB","Pup","3","0","1","0","2","0",27,12,0,56,5,"26",0.785714285714286,-0.241162056816888,0.00143128995682379,0.00691108159846622,0.0412418867897359,-0.0728807390079253,-0.0259474050425717
"72",44.4036982186739,-34.7377576747816,"N8_FWB_pup_start_2019B",31118252.335056,1.14824023050974,"N8","DNBSEQ Transcriptome","F20FTSEUHT1199_ARCcdmE","FWB8_N8","FWB8","M",NA,NA,"2019_2020","1","10-12-2019",10,0,"2to5","blood","FWB","Pup","1","0","0","0","1","0",68,4,0,18,10,"44",4.55555555555556,1.51634748936809,0.0164789243306875,0.050431393286843,-0.0446499208363404,-0.0399339476911142,0.00803949770454101
"73",75.2437416463875,12.4148884220245,"N8_FWB_pup_end_2019B",20680622.6655157,1.22566325858635,"N8","DNBSEQ Transcriptome","F20FTSEUHT1199_ARCcdmE","FWB8_N8","FWB8","M",NA,"not sure about delta days","2019_2020","2","17-02-2020",79,69,"72","blood","FWB","Pup","4","0","1","0","3","0",35,5,0,58,2,"21",0.724137931034483,-0.322773392263051,0.0164789243306875,0.050431393286843,-0.0446499208363404,-0.0399339476911142,0.00803949770454101
"74",-34.4597656134376,-76.480237810515,"T15_SSB_pup_start_2019B",32574664.9308478,0.958776612376262,"T15","DNBSEQ Transcriptome","F20FTSEUHT1199_ARCcdmE","SSB15_T15","SSB15","F","08-12-2019",NA,"2019_2020","1","11-12-2019",11,0,"3","blood","SSB","Pup","6","1","0","0","4","1",37,10,1,44,8,"24",1.27272727272727,0.241162056816888,-0.0163480156422,0.0052988393676309,0.00110467433131687,-0.0598784349536618,0.0535352645281612
"75",17.1877918941214,27.2536242947847,"T15_SSB_pup_end_2019B",13709522.9449307,0.952721643801763,"T15","DNBSEQ Transcriptome","F20FTSEUHT1199_ARCokaE","SSB15_T15","SSB15","F","08-12-2019",NA,"2019_2020","2","10-02-2020",72,61,"64","blood","SSB","Pup","5","3","0","0","2","0",46,2,1,46,5,"21",1.17391304347826,0.160342650075179,-0.0163480156422,0.0052988393676309,0.00110467433131687,-0.0598784349536618,0.0535352645281612
"76",-34.3135705246593,-50.3608734490897,"T16_SSB_pup_start_2019B",12625450.256994,0.775257071283813,"T16","DNBSEQ Transcriptome","F20FTSEUHT1199_ARCcdmE","SSB16_T16","SSB16","M","12-12-2019",NA,"2019_2020","1","16-12-2019",16,0,"4","blood","SSB","Pup","6","4","2","0","0","0",42,11,0,46,1,"14",1.17391304347826,0.160342650075179,-0.00604336610006153,-0.00523962829691884,-0.0183785448791325,-0.00796666119936101,0.0238793103421872
"77",39.2347848507666,29.5212554799393,"T16_SSB_pup_end_2019B",12943845.9777675,0.967069296503033,"T16","DNBSEQ Transcriptome","F20FTSEUHT1199_ARCcdmE","SSB16_T16","SSB16","M","12-12-2019",NA,"2019_2020","2","23-02-2020",85,69,"73","blood","SSB","Pup","4","1","0","0","3","0",36,7,1,53,3,"14",0.886792452830189,-0.120144311842063,-0.00604336610006153,-0.00523962829691884,-0.0183785448791325,-0.00796666119936101,0.0238793103421872
"78",-5.77797839397472,-33.4758849502274,"T2_SSB_pup_start_2019B",28694461.170441,1.07072541386573,"T2","DNBSEQ Transcriptome","F20FTSEUHT1199_ARCutzE","SSB2_T2","SSB2","F","28-11-2019",NA,"2019_2020","1","02-12-2019",2,0,"4","blood","SSB","Pup","2","0","0","0","2","0",35,9,0,50,6,"38",1,0,-0.0177943090445779,0.0275862593677437,0.0452316832261102,-0.021520174896842,-0.005686578118042
"79",35.9787960564652,-3.32528970222993,"T2_SSB_pup_end_2019B",10712111.0024735,0.929052990558102,"T2","DNBSEQ Transcriptome","F20FTSEUHT1199_ARCcdmE","SSB2_T2","SSB2","F","28-11-2019",NA,"2019_2020","2","04-02-2020",66,64,"68","blood","SSB","Pup","5","3","0","0","2","0",56,2,0,40,2,"23",1.5,0.405465108108164,-0.0177943090445779,0.0275862593677437,0.0452316832261102,-0.021520174896842,-0.005686578118042
"80",50.4540185327183,6.53582618924198,"T20_SSB_pup_end_2019B",28103409.5109173,1.23111398564096,"T20","DNBSEQ Transcriptome","F20FTSEUHT1199_ARCcdmE","SSB20_T20","SSB20","M","18-12-2019",NA,"2019_2020","2","03-03-2020",94,73,"76","blood","SSB","Pup","4","4","0","0","0","0",75,1,1,22,1,"18",3.54545454545455,1.26566637333128,-0.0126943514752781,0.0053982122289918,0.0191207075677452,-0.00965585559186671,-0.00594830814381454
"81",3.52612674932828,-36.2683121418361,"T21_SSB_pup_start_2019B",19826213.7166138,0.961221627071509,"T21","DNBSEQ Transcriptome","F20FTSEUHT1199_ARCutzE","SSB21_T21","SSB21","F",NA,"this pup is not in the epi study so I might not have all info","2019_2020","1","21-12-2019",21,0,"2to5","blood","SSB","Pup","1","0","0","0","1","0",32,12,0,44,12,"58",1.27272727272727,0.241162056816888,-0.00406117161789392,0.0357383893865567,-0.0426636057774758,-0.00392765027719257,0.00671127556912524
"82",47.1223961511341,-49.0329850949636,"T6_SSB_pup_start_2019B",32183801.4131941,1.09149921052296,"T6","DNBSEQ Transcriptome","F20FTSEUHT1199_ARCcdmE","SSB6_T6","SSB6","F","30-11-2019",NA,"2019_2020","1","04-12-2019",4,0,"4","blood","SSB","Pup","6","5","0","0","1","0",55,3,3,38,1,"19",1.63157894736842,0.489548225318706,-0.0327960328469828,0.0296276301701853,-0.353486299376215,0.22651595890651,-0.200650010721212
"83",16.5679820658352,53.6204562995642,"T6_SSB_pup_end_2019B",32191606.1878461,1.28797576392906,"T6","DNBSEQ Transcriptome","F20FTSEUHT1199_ARCcdmE","SSB6_T6","SSB6","F","30-11-2019",NA,"2019_2020","2","27-02-2020",89,85,"89","blood","SSB","Pup","0","0","0","0","0","0",31,2,0,55,12,"86",0.818181818181818,-0.200670695462151,-0.0327960328469828,0.0296276301701853,-0.353486299376215,0.22651595890651,-0.200650010721212
"84",-39.3098967823366,-2.70291786955736,"T7_SSB_pup_start_2019B",10905276.6130243,0.780270174877609,"T7","DNBSEQ Transcriptome","F20FTSEUHT1199_ARCcdmE","SSB7_T7","SSB7","F","30-11-2019",NA,"2019_2020","1","05-12-2019",5,0,"5","blood","SSB","Pup","3","0","0","0","1","2",32,5,0,49,14,"17",1.04081632653061,0.0400053346136992,0.00248260242512649,-0.0190559362017948,-0.0121937279807306,-0.023412572797107,-0.00794868164629821
"85",42.2417089201169,11.4335646722747,"T7_SSB_pup_end_2019B",18307563.0738233,1.11991679334358,"T7","DNBSEQ Transcriptome","F20FTSEUHT1199_ARCcdmE","SSB7_T7","SSB7","F","30-11-2019",NA,"2019_2020","2","06-02-2020",68,63,"68","blood","SSB","Pup","6","0","0","0","6","0",16,5,1,76,2,"17",0.315789473684211,-1.15267950993839,0.00248260242512649,-0.0190559362017948,-0.0121937279807306,-0.023412572797107,-0.00794868164629821
"86",12.0867303461603,-7.57343876723743,"T8_SSB_pup_start_2019B",19528043.7340773,1.08745199172027,"T8","DNBSEQ Transcriptome","F20FTSEUHT1199_ARCcdmE","SSB8_T8","SSB8","M","02-12-2019",NA,"2019_2020","1","05-12-2019",5,0,"3","blood","SSB","Pup","9","5","1","0","3","0",51,9,1,34,5,"12",1.94117647058824,0.663294217410264,-0.0162558424942188,0.0416646577377336,-0.0399513417957503,-0.0355821337511065,0.060643229737701
"87",66.8024359983654,24.8810805068363,"T8_SSB_pup_end_2019B",18085971.1769225,1.25485038841602,"T8","DNBSEQ Transcriptome","F20FTSEUHT1199_ARCcdmE","SSB8_T8","SSB8","M","02-12-2019",NA,"2019_2020","2","18-02-2020",80,75,"78","blood","SSB","Pup","6","2","3","0","1","0",51,10,0,33,6,"13",2.03030303030303,0.708185057924486,-0.0162558424942188,0.0416646577377336,-0.0399513417957503,-0.0355821337511065,0.060643229737701
"88",-26.1763113718856,-50.5401415618217,"T9_SSB_pup_start_2019B",23396692.5767092,0.850834285544218,"T9","DNBSEQ Transcriptome","F20FTSEUHT1199_ARCcdmE","SSB9_T9","SSB9","F","02-12-2019",NA,"2019_2020","1","06-12-2019",6,0,"4","blood","SSB","Pup","4","2","0","0","2","0",44,11,3,35,7,"19",1.85714285714286,0.619039208406224,0.0183154981487892,0.0529741536933205,0.00132404132320246,-0.038145653102814,0.0762574770473712
"89",67.7502087244379,69.7442993708021,"T9_SSB_pup_end_2019B",30937772.0378406,1.46124270862515,"T9","DNBSEQ Transcriptome","F20FTSEUHT1199_ARCcdmE","SSB9_T9","SSB9","F","02-12-2019",NA,"2019_2020","2","04-03-2020",95,89,"93","blood","SSB","Pup","3","2","0","0","1","0",41,18,4,32,5,"23",2.125,0.75377180237638,0.0183154981487892,0.0529741536933205,0.00132404132320246,-0.038145653102814,0.0762574770473712
