"","logFC","AveExpr","t","P.Value","adj.P.Val"
"fcmr",1.36240118587478,6.52588855028827,8.13885489428491,2.63568188976053e-14,1.66561917023417e-11
"fcrl5",1.35963877272475,3.28267942948376,7.4973520027002,1.23422086026299e-12,5.03203788802062e-10
"fcrl1",1.56454205939904,3.99792473490802,7.43450541348743,1.7839835056276e-12,6.83265682655372e-10
"cobll1",1.50863047327875,0.880446632058457,7.31923429405578,3.49175746473158e-12,1.26092350276407e-09
"bach2",1.73406485981093,1.85503800078753,7.15542142957857,8.98211365270211e-12,2.91089575529492e-09
"il23r",1.9235389479735,-0.0543546087851043,7.12290426464215,1.08203014259248e-11,3.25613785053007e-09
"blnk",1.05879423948325,3.77283434910464,7.06611449191419,1.49616834897879e-11,4.39769110761462e-09
"tp73",1.30938207333986,4.40240567211143,6.98818117158982,2.32872425567395e-11,6.54061019276957e-09
"vav2",1.28954529747221,3.12541621486131,6.83160994835677,5.61755733364245e-11,1.36539052192129e-08
"pim2",0.973322215068011,6.82927307949266,6.81426144434059,6.18902096115659e-11,1.47590633826525e-08
"ig mu chain c region membrane-bound form ",1.25348897153328,10.4058555566436,6.75842694915616,8.44543380979116e-11,1.77903063203251e-08
"foxred2",1.25934508369769,2.87836425599551,6.58737769186087,2.16875358801772e-10,4.07675986293202e-08
"zc3h12d",1.01795548990195,3.9442854308959,6.54787138723299,2.69116757020429e-10,4.85909527425886e-08
"hla-doa",1.02824996587803,3.86786160014212,6.45419096810293,4.47579601116514e-10,7.73507665663392e-08
"cr2",1.68931369455141,3.33329020867218,6.34888040974953,7.88779494343378e-10,1.23078815172913e-07
"ms4a1",1.24510709905108,4.40772026635666,6.24038997906901,1.40574343892721e-09,1.9312164483262e-07
"fcgr2b",1.14053845441855,2.40982720563128,6.2300958853193,1.48450019158964e-09,2.01748364747327e-07
"shroom3",1.56941570075813,1.19191902657716,6.20478048801709,1.6970636751225e-09,2.26368775079903e-07
"klhl14",1.69888765654307,-0.305002109573781,6.20428796228971,1.7014822084493e-09,2.26368775079903e-07
"il24",1.07747703078807,4.2399026886052,6.13124204868203,2.49859251992039e-09,3.22241947543611e-07
"slamf1",0.981445835453673,3.60758674733323,6.05534107552478,3.71349389902362e-09,4.46998565616758e-07
"ptch1",1.47974009855779,1.71862466381001,6.01090759245617,4.67628971666559e-09,5.32465096657084e-07
"gpr174",1.35500580224055,0.923184114503412,5.94403825474232,6.60229959692759e-09,7.25621431352763e-07
"fgf13",1.09731228736909,1.52793329190002,5.84131231302276,1.11616848216698e-08,1.13768172952488e-06
"aff3",1.40489053162052,3.66717817009155,5.7554151585597,1.7236216010116e-08,1.66296590955615e-06
"tespa1",1.33401734095857,2.72350773763177,5.75120459720529,1.76053961955082e-08,1.68571668571991e-06
"edar",1.26975710469644,1.22548495527774,5.63104477017117,3.20957907632685e-08,2.89508024837948e-06
"scn4a",1.32479369040861,0.071311721903809,5.61705071378966,3.44022408597023e-08,3.01951334879012e-06
"spib",1.03285752984927,4.53880258981879,5.56956973985201,4.34987078923618e-08,3.78340429640108e-06
"itpr3",1.07069160880443,6.22957930771862,5.54264763568131,4.96585647427779e-08,4.21231275022799e-06
"btla",1.19384232638792,2.81441527568928,5.52059437674018,5.53314407624309e-08,4.63135152183023e-06
"kcna3",1.29281004982273,5.04059673546496,5.50883364227741,5.86102697270404e-08,4.81022856545496e-06
"hivep2",1.24401905360783,5.36174301575448,5.50543968325626,5.95912117960942e-08,4.8591827476828e-06
"blk",1.17609865766196,2.99109366901053,5.48236681074278,6.66973500054317e-08,5.40376799178623e-06
"capsl",1.41906358157293,-0.965460369901587,5.46048231281923,7.4197292045555e-08,5.86112233852356e-06
"gramd1c",1.39062871579694,-0.313913349880957,5.41229074693361,9.37263353942304e-08,7.26752854630477e-06
"pou2af1",1.08041607064518,4.73980581293148,5.36850888694973,1.15750994619403e-07,8.86652618784629e-06
"dock9",1.11806165020555,4.3573294724277,5.31851534764041,1.4708778361192e-07,1.08083866108782e-05
"slc38a1",1.37084718269075,3.39661338762994,5.26808471541079,1.87011141579623e-07,1.33538633809314e-05
"f2r",1.06958983124607,4.20127307713078,5.23788479990087,2.15772659670073e-07,1.51508369198336e-05
"megf6",1.02777363629655,4.51407253829643,5.19293940436263,2.66690341823318e-07,1.79292512250261e-05
"plekhd1",1.2581188093556,-0.323428183853146,5.1863866966316,2.75027624456918e-07,1.83919266958253e-05
"ccr6",1.07327843134331,2.73262529317368,5.17446269570892,2.90853458174453e-07,1.93478781992995e-05
"septin3",1.21691721349996,2.22968793302166,5.16146985416964,3.09105202802738e-07,2.01380446300196e-05
"tnfrsf13c",1.10870407517058,3.73952895736775,5.10669958781939,3.99046939640846e-07,2.47233052456895e-05
"cd40lg",0.882902358913569,3.37581907203689,5.07797406547792,4.5590001718418e-07,2.79192003923099e-05
"rasgrp1",1.07040971959735,5.48464340621648,5.07021496287641,4.72558458466204e-07,2.85773509882983e-05
"trib2",0.866204536991364,3.50539964928339,5.06729210029014,4.78985631537114e-07,2.88280923666552e-05
"trpc1",1.24381250096563,0.0787908071698869,5.05833285670545,4.9921929435185e-07,2.99034723284978e-05
"sned1",1.39315023096208,1.17368466893772,5.03585502099258,5.53701910213755e-07,3.30105586943002e-05
"slc39a10",1.14731525085736,2.59991073367953,5.01346271084896,6.13692218571026e-07,3.62451212641084e-05
"xkrx",1.50387912301946,-1.40082679877978,5.00587864752412,6.35404035053463e-07,3.70086248803719e-05
"s1pr1",0.861160890967793,6.48955626218356,4.97474640590536,7.32596055103252e-07,4.18972015404977e-05
"tlr7",1.11859361509347,2.60666687475349,4.95316452688395,8.08272586786315e-07,4.54033654417433e-05
"ccr4",0.988320472459655,3.31394886457689,4.94603459407766,8.34898458267478e-07,4.62819369036959e-05
"prob1",1.23528213231278,-0.283608137507527,4.93599254298802,8.73844935635806e-07,4.77241973527598e-05
"tbc1d9",1.15613391109062,4.68565189286883,4.91535670234636,9.59477658548887e-07,5.11680933603349e-05
"ikzf3",1.15866859162357,5.30577212812955,4.90952899068289,9.85097145474977e-07,5.2159183641735e-05
"ccdc88c",0.89263732064965,6.45153715031908,4.90387262352826,1.01059612843585e-06,5.32205186137529e-05
"id3",0.944972342663057,3.34850090985596,4.90233110653858,1.01765538504937e-06,5.33699021229835e-05
"gspt2",0.831041022971089,2.57541261830918,4.88985333175474,1.07658053279002e-06,5.61667152294251e-05
"igh-1a",1.10564878744838,5.86531199209298,4.88917583210066,1.07987275898017e-06,5.61667152294251e-05
"nox1",1.37518202689769,-0.341886977426643,4.87195864591296,1.1668850425441e-06,5.94687905351404e-05
"hla-dpb1",1.57282545906337,-1.41897832682781,4.84976997062429,1.28907396975614e-06,6.46531980307454e-05
"cxcr5",1.02639129678594,4.03746619649998,4.84797012197018,1.29951095962707e-06,6.49190475048479e-05
"raver2",1.1663602737875,-0.540406938034989,4.83238358902673,1.39337938780495e-06,6.93343389073493e-05
"parp16",0.942509186611776,1.24467575793325,4.82982781287733,1.40938435494295e-06,6.98557210279372e-05
"pawr",1.26511399046527,-0.96857506630389,4.81393029219683,1.51300513082741e-06,7.46987181583113e-05
"cntnap1",1.15746734166918,1.898504219453,4.79113123173497,1.67456216782128e-06,8.21520944814734e-05
"rora",1.14505514903648,1.19960188892929,4.77960662551036,1.76245011167911e-06,8.56754113904318e-05
"ears2",0.952498919886024,1.48188504592684,4.77093056827334,1.83153921095372e-06,8.83542904093287e-05
"vipr2",0.951095657184632,5.82626041259366,4.76646548372488,1.86810828389139e-06,8.94356840913002e-05
"caprin2",0.854293776590603,3.59820255980068,4.7309380571202,2.18530807625815e-06,0.000102296699169729
"or2ag1",1.34989509465156,-0.522734648300017,4.72317509286542,2.26124083748359e-06,0.000105460601272897
"cdca7l",0.928739666978324,3.7422726942315,4.71152876085256,2.37995627969068e-06,0.000110589218452244
"hr",1.47857891922439,-1.67572661045431,4.70390986750514,2.46085041438723e-06,0.000113100685045237
"slc38a11",1.534101750746,-2.45777006205517,4.70105534386218,2.49183679062804e-06,0.00011410987390126
"acsf2",1.0335266097054,0.22746956526211,4.68894174802535,2.62757364716111e-06,0.000119031911564406
"focad",1.14082684262763,0.158221286831141,4.67855306281041,2.74964208486877e-06,0.000123675182600201
"znf252",0.955859615931671,1.65148695748814,4.66944097959142,2.86119975964375e-06,0.000128118184368246
"nlrc3",0.972987226593663,4.8306071189755,4.6688410529482,2.86869579683627e-06,0.000128118184368246
"zscan10",0.912889532807569,4.84290651215868,4.62337176362195,3.49544181507057e-06,0.000153398920488462
"cxxc5",0.844551622973503,4.3534617689859,4.6145740457067,3.63108877043232e-06,0.000158450241237671
"zdhhc23",1.22995265353311,1.2439041392301,4.61428581836581,3.63561752978279e-06,0.000158450241237671
"slc7a6",0.936977351994944,4.58365015397624,4.60990996757708,3.70504529171347e-06,0.000160921193958648
"nr1d2",1.2575767357509,2.41816554440428,4.60904295088916,3.71895234711901e-06,0.000160972050394648
"sidt1",0.987671782887234,3.29164452713994,4.5898878094166,4.03935399375674e-06,0.000173651003833644
"bcl11b",1.08686490608308,3.60476184219342,4.52670109741982,5.29589256450004e-06,0.00022254872088353
"akap2",1.20275740312701,2.05681566240547,4.52575084466611,5.31739748705157e-06,0.00022254872088353
"cd79b",1.00639203765771,6.6596658650263,4.52573993423966,5.31764488542021e-06,0.00022254872088353
"ppp1r16b",0.982654865354823,4.1674607954991,4.49651021942196,6.02177466290309e-06,0.000248561432840739
"phtf2",1.23054668973703,2.44290669388661,4.49238307607071,6.12814999841023e-06,0.000251304657809257
"dse",0.815653060903978,4.16032944825028,4.491776697619,6.14393063241241e-06,0.000251304657809257
"nuggc",1.17567641398094,1.82449625670631,4.47723132596513,6.53439305286204e-06,0.000264705749343344
"mybl2",0.925338591851702,5.78451009476551,4.39971177189585,9.05209766768874e-06,0.000358650352419806
"znf507",1.29792932020672,1.41809815440957,4.38588877674869,9.58956848444313e-06,0.000376405453648685
"rrn3",0.82686022319518,3.53012573143303,4.37732384836515,9.93782555460607e-06,0.000388867421624353
"itga3",0.964411783079021,0.762299111205932,4.35765362227811,1.07841782608894e-05,0.000418101929568653
"atp1a3",1.55018831140759,-0.391866409198822,4.31702989308432,1.27562451402858e-05,0.000481272186053948
"mef2c",0.927427273816749,3.84108928324472,4.27889855754086,1.49185552816603e-05,0.000551332222821357
"p2rx7",0.994900471500797,3.9485453845885,4.27162434861043,1.53691285693963e-05,0.000566327743406996
"cd28",0.816657154201309,3.72741494065084,4.26880748007697,1.5547085990887e-05,0.00057121982511285
"slc9a7",0.999397262354961,3.43760914369067,4.25416780281644,1.65041942456034e-05,0.000604627568319365
"pou6f1",0.937650100374625,2.45319281193381,4.25204000207918,1.66479159849045e-05,0.000606377550816161
"plcl1",1.23120220259136,0.295489337949763,4.23534620787453,1.78178173547663e-05,0.000643426838705404
"fcer2",1.00916459821247,4.1814170372231,4.22535865193395,1.85549415015993e-05,0.000666238368291799
"clgn",1.12001930735263,0.553752624580879,4.22301794631734,1.87318692355024e-05,0.000668996106008447
"rbl1",0.887927821661784,3.26105632601818,4.22294238499815,1.87376075264649e-05,0.000668996106008447
"sh3rf1",1.13588789624669,2.93157368357393,4.21453873009752,1.93864034058608e-05,0.0006882717770974
"slc16a9",1.23467580245954,-0.979029540979659,4.21357121195222,1.94624646913738e-05,0.000689036670124014
"abca4",1.3356614842302,-2.78734676042492,4.21009928425559,1.97377669819319e-05,0.000694890353439102
"card11",0.814199719599206,7.04781483141939,4.20582908008671,2.00814779812779e-05,0.000703074238796042
"lpar5",0.84666877278301,4.55829906217231,4.19820672394563,2.07092838186748e-05,0.000721059609322952
"sema4f",0.973860892711779,2.04360989168061,4.19241045872998,2.11992046604926e-05,0.000734073281380729
"ppm1k",1.1345284753187,0.194376851040298,4.12910674188706,2.73240013364441e-05,0.000928354980890638
"gprasp2",0.922757938586029,1.0974822962673,4.12049966384161,2.82771009820504e-05,0.000958161606734946
"tsr1",0.848811499567382,3.56190238653201,4.11270235281552,2.91678634958441e-05,0.000978889802337015
"nup58",0.874228954373382,3.34581934346526,4.11216952873009,2.92297009884372e-05,0.000978889802337015
"znf77",1.00674123663386,0.274067215048534,4.11196595554388,2.92533599246983e-05,0.000978889802337015
"slc4a7",1.08260269463289,3.3452952558725,4.11159842470418,2.92961200451348e-05,0.000978889802337015
"prrt3",1.15097777671494,-0.97442448625131,4.10699958241275,2.98362383792799e-05,0.000989764348755169
"casq1",1.15799300356193,-0.478295018474765,4.1035976514484,3.02418854033951e-05,0.00100059473720814
"bpnt1",0.806059121247003,2.37177114717635,4.09509117132023,3.12793623515098e-05,0.00103080659180258
"znf608",0.995639593782972,0.7282093845139,4.09150670055165,3.17266303253488e-05,0.00104153994982359
"tmem35a",1.25003601067375,-1.37952926777753,4.08724484405913,3.2266364009134e-05,0.00105651444225763
"tcf7",0.930356827902829,7.59519092121669,4.08526039421604,3.25206589674792e-05,0.00106208942813945
"gpr75",1.01886267936285,1.73281354223191,4.08370684393293,3.27210698868675e-05,0.00106588041829927
"itk",0.970743470583605,4.99385328747212,4.07952794023184,3.3266019902434e-05,0.00107531771239607
"themis",0.906932236605426,3.94967310836649,4.06914137922271,3.46582272530322e-05,0.00111461917112233
"aicda",1.3273407025438,-2.89405202112805,4.0683927297057,3.47606938476923e-05,0.0011150771815761
"akap5",0.998824831502445,2.06805139565214,4.05972784062322,3.59678615399181e-05,0.00114508262469276
"bbs7",0.893206963447827,2.15378887174257,4.05848228901039,3.61446398262363e-05,0.00114781935367789
"zbtb32",0.88219555073247,3.52121121971416,4.05527510598019,3.66036484228134e-05,0.00115759723495841
"gga2",0.732081365169878,4.60004526832967,4.05461368505253,3.66989989618598e-05,0.00115759723495841
"syngap1",1.02198070043541,2.12537376058559,4.05397905829413,3.67907094037095e-05,0.00115759723495841
"kif12",0.88484495341746,2.68459103971518,4.05378427909097,3.68189008982735e-05,0.00115759723495841
"st14",0.82328610389589,2.37661043034507,4.04940415313261,3.74583264348929e-05,0.00117477862980301
"kiaa0040",0.90702119442388,2.66946734091283,4.04846665280818,3.75965544009024e-05,0.00117483723792761
"traf3ip2",0.741918004274189,3.75819116210875,4.04813140795866,3.76461018562134e-05,0.00117483723792761
"rab28",0.835227944466954,5.20934628398823,4.0433777917614,3.83553943766655e-05,0.00119402421065684
"cd1d",1.19777597155341,0.140247317050965,4.03865195043429,3.90731559094072e-05,0.00121337989567321
"btbd3",1.00779419926938,0.987748406022759,4.00995088822167,4.37148866326615e-05,0.00133135530638604
"fktn",1.31474599836586,-0.72262388567092,4.00604678179154,4.4385459292772e-05,0.00134852841346477
"sfrp2",1.1163472677355,0.577684984506408,3.99101367610114,4.70601633943842e-05,0.00142295073000388
"gramd2b",0.93510001628878,3.55965320272085,3.98884316551122,4.74587913865785e-05,0.00143157915115744
"ppp1r12b",1.36097628040252,0.0640689655175918,3.97709549558862,4.96726997082428e-05,0.00148419208419026
"carf",1.11773654641122,-0.119350160065839,3.97601844051903,4.98805222961881e-05,0.00148688660684321
"znf35",1.15656363609885,-0.173798929570339,3.96897910708354,5.1259303935076e-05,0.00152339755534623
"abca5",0.951830668203019,1.17085976324063,3.96544947437425,5.19642207656937e-05,0.00153581866373845
"enpp4",1.04203253059576,3.41152659821255,3.9652312677836,5.20081009636882e-05,0.00153581866373845
"trim38",0.849950120887842,3.72608300962274,3.96127112169442,5.28106163958216e-05,0.00155226367587626
"tpcn1",0.858471911589214,3.44634050836758,3.95980066985261,5.31115882375407e-05,0.00155748808291015
"gne",0.832280111932534,3.49944198020994,3.95226613162013,5.46795253033671e-05,0.00158507917502123
"icos",0.84770106610767,3.90252588642688,3.93359228064002,5.87574829117e-05,0.00168398146603396
"smchd1",0.898879545602051,6.47727343179632,3.93162849973148,5.92027451773427e-05,0.00169290383777474
"cd72",0.988997012873769,1.83901129571601,3.92887005421821,5.98336065531282e-05,0.00170323638113736
"kmt2a",1.13827076263099,5.56759602132327,3.92598245596231,6.05008473269422e-05,0.00171836002104544
"tcaf1",0.991361008524727,1.01796114559568,3.91331275044165,6.35129253549987e-05,0.00178386636347073
"ccdc171",1.01279566414464,-0.179053249429574,3.91257785813642,6.36919387121496e-05,0.00178492774586
"znf630",0.923009874152897,0.249986384645225,3.91000738352158,6.43218616204968e-05,0.00179859294031296
"urb1",0.870086621476381,3.9601198294548,3.9064867035847,6.51942522776525e-05,0.00181495628752698
"lpin1",0.872498126509776,4.20437332133535,3.90316215092091,6.6028352059567e-05,0.00183413701468322
"hepacam2",1.11642210801619,-1.00631677060976,3.9017673507133,6.63813041852492e-05,0.00183989759560826
"patl2",1.16584233910805,-1.39909572618844,3.8962619030405,6.77920213628263e-05,0.00187488699782223
"mtx3",1.42329541480015,-0.934206695531885,3.89549307819463,6.79912760340777e-05,0.00187629200391858
"ccser2",0.854060813018135,2.85263302641916,3.89268106985419,6.87248050378445e-05,0.00188828871928982
"adam22",1.04664436851418,0.833550293753949,3.89039365937596,6.93270254019799e-05,0.00189658933778274
"stil",0.979088955722566,1.48570736779316,3.87912550995995,7.23675111188674e-05,0.00196277462023898
"sv2c",1.16262679687179,-0.0813760312845909,3.8536416662541,7.97172230978103e-05,0.00213916344529347
"iglc1",0.938267343749236,5.56342025288621,3.84147790617928,8.34699211187591e-05,0.00222677730905455
"usp37",1.01394579934728,1.82457676682584,3.84080346425312,8.36828229400992e-05,0.00222677730905455
"pard6b",1.0321147311714,-0.411440172892401,3.83222998542317,8.64344911137444e-05,0.00228545090624815
"mcoln3",1.22529863122868,-0.689615383757757,3.8278105576823,8.7886201560767e-05,0.00231898476310341
"cfap65",1.05584181807932,0.484886380895435,3.82701019306109,8.81515679375563e-05,0.00232114097325578
"setbp1",1.20987620018023,0.185760082138763,3.81850910142043,9.10174342181196e-05,0.00237679617992317
"rras2",0.814258904056187,2.93190845518754,3.8144260963033,9.2425064815088e-05,0.0024085781323668
"reck",0.975511319496503,2.76340405226598,3.80262645468499,9.66098840663821e-05,0.00248181366811993
"tube1",0.839827974432689,1.47347918388215,3.79777097806177,9.83835065605512e-05,0.00251205886751274
"ig delta chain c region membrane-bound form ",1.06623459642435,3.04019327799954,3.77302992884067,0.000107910164495549,0.00272230852107633
"pex11a",1.02360340519717,-0.516375004271622,3.77114508774764,0.000108670641862946,0.00273059292744687
"tert",0.858261325622269,3.40879920930079,3.76941755856022,0.00010937210071496,0.00274276583519122
"kif5a",1.27146202368718,-0.0127869970006527,3.75312109795601,0.000116203441100731,0.0028968348956058
"ar",1.26722159454958,-0.428780220064367,3.74886648128111,0.000118052282512678,0.00292561333074067
"camk4",0.859207873831363,2.27429419423317,3.74686198699156,0.000118932943679534,0.00293721354503414
"fcrlb",0.932662071776452,4.21279857842436,3.7467435957581,0.0001189851519153,0.00293721354503414
"grap",0.773610295202547,6.13332768824992,3.74453423019093,0.000119963424478531,0.00294598474917179
"pcdhb15",1.00460789530021,-0.283079584488855,3.74436261642986,0.000120039729869727,0.00294598474917179
"zbed3",0.958994936887151,1.29730083661179,3.74317913773746,0.000120567196258509,0.00294863238626878
"alg10",1.24670314850076,0.482710562656784,3.73968236057171,0.000122138514069007,0.00298013258555633
"znf106",0.886994060515384,3.97902301633482,3.73847845755891,0.000122683968443366,0.0029876737517451
"klhl42",1.03264410355084,0.66224604205447,3.7349433411142,0.000124298970969703,0.00301538328999247
"dipk1a",0.788522372904474,2.90072700091116,3.72564672653631,0.000128642552966389,0.0031088207016103
"irf4",0.944364910182971,3.56667781250084,3.72142478616818,0.000130662152530491,0.00315160104166578
"znf618",0.980870200245804,2.17796317737849,3.71576078867951,0.000133418667645596,0.00321033764355469
"gart",0.892701578091519,4.8914365523556,3.7152228666066,0.000133683297681902,0.00321033764355469
"nrip1",1.21929526335102,1.37029758802017,3.71486561840346,0.000133859319420312,0.00321033764355469
"apbb2",1.17502881859553,-2.15701822691373,3.71252963819358,0.00013501570176059,0.00323193836089413
"dna2",0.907640984007398,3.33714087773878,3.70792836367602,0.000137321133981393,0.00328091079847037
"znf202",0.803921385803208,3.25825477542791,3.70613729140028,0.000138228551463544,0.00328756155781731
"csgalnact1",0.81677823725704,3.85880452009138,3.70585916324459,0.00013836996759053,0.00328756155781731
"mllt6",0.847059397976089,7.0625362977201,3.70022107350604,0.000141266326280439,0.00334984070892772
"nynrin",1.04586972651058,0.811432679585202,3.69628502590031,0.000143322161529786,0.00339222621643252
"znf827",0.940589124397898,1.02995973986204,3.68853821079206,0.000147451194657519,0.00348195992966506
"elfn2",1.20115266664056,-1.32041262899999,3.68222058319392,0.000150901351814198,0.0035450598244975
"heg1",1.05714915512775,3.62944257240819,3.67935061638299,0.000152493731810118,0.00357128628687147
"fkbp14",1.06337872306641,-0.299485651121766,3.67919084115606,0.00015258284634153,0.00357128628687147
"gen1",0.864500460449418,1.70263311419425,3.67692011211459,0.000153854669095059,0.00359439771292504
"olfm1",1.0532056318396,1.68991609079429,3.67022033307755,0.00015766573748719,0.00366986603333444
"rapgef5",1.3556227640268,-1.08036690939968,3.66680910239942,0.000159640219684349,0.00370563048852561
"rnf186",1.26431624788989,-2.0164187841341,3.66655429448953,0.000159788639627064,0.00370563048852561
"shisa7",1.14942212858543,3.30093993476709,3.66331531968505,0.000161686652575574,0.00373593711499576
"las2",1.09781234186138,-0.260801090821893,3.66180971664572,0.000162576146595484,0.00374963488470862
"mdn1",1.56849178417756,-0.814199589038122,3.65398635744323,0.000167272909252322,0.00384393145461837
"sepsecs",0.999263697620141,0.458199264324273,3.65196250848473,0.000168508582896464,0.00385471447456487
"tktl1",1.20039636250033,-1.66945486871979,3.6517202030791,0.000168657101387323,0.00385471447456487
"rorc",1.10053420333065,0.55996632093211,3.64435573375909,0.000173230411856166,0.00394497148729744
"trav8-3",0.853628238635081,3.52102906967384,3.63384743229703,0.000179958843305306,0.00406160682238529
"adgrl1",0.954217330574151,4.52633439561015,3.62683414969164,0.000184585669642669,0.00414383353217352
"bin1",0.737338113014513,6.65580702161606,3.62254691160689,0.000187469027597081,0.00418351691388372
"mcf2l",1.06803121680759,2.56436150769296,3.62225903125024,0.000187664152589925,0.00418351691388372
"lman1",0.907655643383551,4.06868376734698,3.62223956304179,0.000187677355025878,0.00418351691388372
"pars2",0.892273058278595,1.98635824935195,3.61401890022781,0.000193331110916899,0.00430195758957514
"trpc2",0.753243424855107,2.96136172908017,3.61143430772865,0.000195141557762424,0.00433461186038537
"nr1d1",0.899689251672254,2.08528733487263,3.60710354619459,0.000198210997177614,0.00439506805846994
"zbtb38",0.990962240679191,4.89135009031244,3.6046453351687,0.000199973431474399,0.00442638213731161
"unc80",1.38349479776185,-1.33231392909382,3.59359199985013,0.000208082132240643,0.00458979069701481
"hlcs",0.979974192431649,0.604366194677091,3.57940845042364,0.000218940973491813,0.00480751099048341
"rhpn2",0.78224208366318,4.90702729241573,3.57921361743546,0.000219093783568197,0.00480751099048341
"ildr1",1.06757208296844,-2.05853686300595,3.57148410696489,0.000225237738520189,0.0049337604456788
"kiaa1549",1.27323364557299,0.307576576106023,3.56935225399486,0.00022696058549829,0.00495432614872693
"slc25a25",0.730528454495002,4.80632472759133,3.56411340295268,0.000231247142522376,0.00503052088526732
"nap1l3",1.04722445270802,-0.32299379935839,3.56126748293486,0.000233607543924763,0.00506443524470854
"mdc1",0.761777656579361,6.09902870440497,3.5519782361489,0.000241470660000723,0.00522593779409098
"tln2",1.08771517605005,-1.30504732052525,3.53433517240207,0.000257094723135524,0.00553563919201003
"camk2a",1.09858690954983,-0.482476231730736,3.52613678135934,0.000264673747366102,0.00567947621894765
"ccr7",0.955914832600846,6.09329216229469,3.52468426889749,0.000266038219857836,0.00569033060037781
"sertad4",1.22708199005398,-1.01122312643724,3.52200227309961,0.000268575032459019,0.00572431675421508
"znf208",1.05218558745399,-0.63902408403753,3.51941654146772,0.000271042286414721,0.00575748480335404
"zcchc4",0.791678579048188,1.03618881520848,3.51891736318381,0.000271521036915457,0.00575797715700412
"cbx6",0.818903089367572,3.76514633411803,3.51334831775684,0.000276916303561526,0.00585275110487313
"e2f7",0.978611013730743,1.18887479803632,3.51283066995882,0.00027742287858981,0.00585366905258198
"tulp4",0.995216571411541,1.54805545863201,3.50022856786162,0.000290027140293558,0.00608912462818984
"brms1l",1.04582197896554,0.0193893200348721,3.4861143962329,0.000304780941159708,0.00636715093440916
"thada",0.933020534578639,2.81328918689326,3.48429022811861,0.000306738350903388,0.00639746867502957
"ect2",1.0630588923412,1.40194331412547,3.47697140295534,0.000314710930544763,0.00654215699203167
"nkd1",0.846502027788196,1.56430075248808,3.4715603384976,0.000320729831144295,0.00662369989515154
"sh3rf3",1.02568281734587,0.912184081200894,3.46757860308784,0.000325227586096296,0.00670563044155152
"tmod2",0.995815467979075,1.44349935396242,3.46518344279282,0.000327961560642183,0.00675098723934292
"cacna1e",1.27679710484766,-2.56101527106423,3.46459437866196,0.000328637245379441,0.00675389616967603
"znf831",0.967050298009621,2.53306762261012,3.45921997279031,0.00033486248642121,0.0068595250662523
"drp2",1.04766564900928,1.06212480086489,3.4554881046917,0.000339249978485151,0.0069269474605393
"znf573",0.76990710844059,3.15569017568375,3.45384867732613,0.00034119440378231,0.00695061712278231
"samd10",0.909869292078692,0.623220856719238,3.43620081759657,0.000362797148559601,0.00732490920230797
"ankrd6",0.945127275906985,1.52468721964096,3.43089894513765,0.000369533267398758,0.00744490837585962
"ssc5d",1.09220835286344,2.34496361707691,3.4305983215824,0.000369918700849738,0.00744490837585962
"tmtc3",1.0310999735782,0.799254438227082,3.42856922004711,0.000372530098200882,0.00748554516877734
"cenpm",0.752068672657211,4.01815944277719,3.42430563130552,0.000378073544035844,0.00758487543344291
"ccsap",1.06213939038561,-2.25295025815965,3.41711620257097,0.000387596319351594,0.00775131310171645
"acaca",1.24952126134965,-0.378880699899176,3.40937929545139,0.000398094712534749,0.00794868731710379
"ccnd2",0.801757582371869,4.24272248685944,3.40548349613797,0.000403481148856805,0.0080308633707105
"arl4d",0.965430364190305,-0.919559396135042,3.39625420934027,0.000416515043569995,0.00826426002461721
"adamts4",1.04525085746412,0.0562687540013256,3.39575663819653,0.000417228793986168,0.00826544628086391
"nrp1",1.00926311350905,2.53723900036579,3.39261798725986,0.000421757515676549,0.00834208644856949
"gprin3",0.793775112872986,3.47213824191113,3.39092690203659,0.00042421657182816,0.00836677878326848
"dnah7",1.263404220561,-3.88813979269544,3.38934506345747,0.000426528895573677,0.00839703849089673
"fbxo47",1.15385549051489,-2.72335899791938,3.38366863644928,0.000434924022541902,0.00854899645553204
"spdl1",0.864722177728815,1.50993534098128,3.38250064543548,0.000436670464604991,0.00856999689773676
"rrh",1.08442396891568,-1.27913406717184,3.37503708325404,0.000447986040314648,0.00875362543961462
"alpk2",1.0967865633935,-0.0891537549728586,3.37495973629103,0.000448104728177123,0.00875362543961462
"sacs",0.894277060037206,5.13424298613965,3.3728799072777,0.000451307234587476,0.00880258045980109
"epm2aip1",1.10911723276499,2.64987165056086,3.36914790957568,0.000457107405067637,0.00890197302411382
"nkrf",0.766998923876113,2.32387895772851,3.3647168140138,0.000464084493539974,0.00902394448284881
"pikfyve",1.0923911129515,3.70576897534803,3.36215664916124,0.000468160865929957,0.00908922455374611
"cnga3",1.15154189555736,-3.27339053970277,3.35291105786614,0.000483162041128573,0.00935173818962333
"ptpn22",0.792840181713257,5.09908769651338,3.3361962317687,0.000511427009943585,0.00986858928042286
"enpp1",1.0430734115501,0.0642467182518821,3.33564214415734,0.000512389879028527,0.00987209707475845
"rasal1",0.937667505528031,2.73393821995674,3.33197556551709,0.00051880424228084,0.00996529911578654
"slc7a1",0.982433804882545,2.5253637948729,3.32989933599088,0.000522469561085581,0.0100052920947889
"pmel",1.01760228148701,1.88882256849818,3.32904431093885,0.000523986008212956,0.0100184979654732
"znf445",1.17502839250944,1.82340497705235,3.3285713255112,0.000524826643632743,0.0100184979654732
"ppat",0.907416081288122,2.56558737399006,3.31604088993167,0.000547560293079309,0.0103602014135171
"atp1a4",1.05919184816302,-1.49842797768955,3.31061462656621,0.000557687071058354,0.0105203087926963
"trim52",0.996962181725941,1.0383846134978,3.30881961914302,0.000561075246012366,0.0105684501257083
"trav13-1",0.783543473708827,3.72872443487648,3.30537450781666,0.000567631884228069,0.0106760407511288
"igf2bp3",1.10267859134237,1.95938617835534,3.30128317150079,0.000575511117889725,0.0108081501025382
"pacc1",0.733731252693115,4.02844444270507,3.29551299719036,0.000586796813491755,0.0110037461805969
"loxl3",0.877299354333776,0.80648730522537,3.29378048771792,0.000590225400120227,0.0110516427142512
"peak1",1.15048145645728,3.02664736786134,3.28655444126166,0.000604727706806239,0.0112335915805995
"zscan25",0.721531197562162,2.56533938243658,3.28628471337728,0.00060527540678758,0.0112335915805995
"nags",1.03436596803044,-2.39392679794122,3.28547263425647,0.000606927175943045,0.0112379290739668
"ppp1r13l",0.751836787635352,2.38391819630206,3.27902769526806,0.000620185774928242,0.0114431065829461
"znf512",0.789784501348631,3.00308834606439,3.27823065574971,0.000621844056598263,0.0114569781798039
"znf215",1.06144744371048,-0.133017509419747,3.27633380901894,0.000625807155844184,0.011513211998129
"traf5",0.702179195371903,5.1610030924367,3.26134211616834,0.000657966497698908,0.0120697221544506
"fut2",0.78818945032334,4.07366535660226,3.26064947307229,0.000659488835103197,0.0120801150534338
"foxp3",0.887262895606693,3.12310108478508,3.25799825514906,0.000665346179037634,0.0121697689679546
"dclre1a",0.774846409663515,2.85963563155674,3.25600180421844,0.000669788838272579,0.0122156726218285
"fcrl4",1.17421963956071,-1.88019888099804,3.2513148966544,0.000680327134337724,0.0123899922923552
"parp1",0.72375943777551,7.6466439887892,3.25069103901958,0.000681741417607053,0.012397884571418
"adhfe1",0.76435010025494,2.3900403584929,3.249035188367,0.000685508492570491,0.0124484796517219
"tspyl4",0.844898112120439,1.99617752702505,3.24857057170724,0.00068656897103844,0.0124498496771232
"ttk",1.1361381315273,-0.805847398106075,3.23450103931802,0.000719413995290185,0.0129525263340066
"trip13",0.714066308085289,5.12682991553486,3.23245702199138,0.000724305390414263,0.0130220424316442
"pla2r1",1.27856860192822,-2.29961192417512,3.22716667130449,0.000737109197819654,0.013233413567106
"ahdc1",0.791716518693222,4.49758273536149,3.22627521156903,0.000739287308598797,0.013253691196284
"klhdc7a",1.138619033371,-1.75620756479453,3.22493615255114,0.000742570281951299,0.0132936909257542
"foxo1",0.803511437432914,4.6684959486616,3.2193244773781,0.000756476243152673,0.0135043831033992
"gpr55",0.901981502368306,2.55910794277172,3.21656108516067,0.000763412539923275,0.0136089860255152
"hlf",0.954404580745146,-0.195158190887001,3.21280763494528,0.000772928541324765,0.0137592166673292
"cenpi",0.94294103255951,0.0708899121494327,3.21127398273218,0.000776848352898319,0.0138095447711418
"mbnl2",0.900741538089128,0.656799988364539,3.2107859579547,0.000778099544204524,0.0138123597460688
"znf549",1.14941213508338,-2.21794476921261,3.20640099332804,0.000789425856176918,0.0139548030235318
"nipa1",1.14095060981485,-1.69993594190776,3.19549313596356,0.000818267732373663,0.0144442540076407
"cep120",0.732682033395548,3.53607499880088,3.19353390312075,0.000823550635232848,0.0145059430627653
"zkscan7",0.728867215448725,3.43014166245405,3.1843186147164,0.000848825842599708,0.0149096888657023
"gpr15",0.930766159821443,2.08164160872844,3.17073200564326,0.000887404664772772,0.0155560437698517
"c19orf57",0.905003865348378,0.340775506251306,3.16703216106771,0.000898188250796908,0.0157232705011387
"cables1",0.898083988231585,0.861169515873408,3.16607005904066,0.000901012219564654,0.015750889962763
"pfas",0.805540107970271,5.50472120748007,3.16400870321115,0.000907090437763427,0.0158352431531657
"wdr36",0.791123910709247,3.48819931948416,3.15616981722082,0.00093055308484406,0.0162000832497852
"lingo4",1.07722921935824,-0.431791695526125,3.14776315245079,0.000956338779425116,0.0165804743939013
"dtx1",0.81557641142787,4.20485297878494,3.14533536181861,0.000963907685614962,0.0166888071760103
"tbx1",0.969929355267339,-1.02259110731023,3.13795353668436,0.000987263251466707,0.0170232199662861
"map3k12",0.727358654137243,1.89650798504195,3.1365276296643,0.000991834624253277,0.017078743618443
"xcr1",1.21403880418676,-0.390435113417883,3.13278771122465,0.00100391778391136,0.017239832704967
"kif18a",0.908558524993573,0.376802296519137,3.12461794956846,0.00103078823637311,0.017633030997383
"clhc1",0.972135877113309,0.209518840078209,3.12055092814315,0.00104441124506441,0.0178382617923906
"arl5c",0.765994194097228,3.22651305472411,3.10998796427912,0.00108057458890944,0.0183320566835253
"hla-dob",0.822147381768178,5.22115879775031,3.10951821508606,0.0010822093818945,0.0183351801310517
"rax",1.24848618099028,-1.9889790086844,3.1069281019519,0.001091264457876,0.0184638440202072
"nfe2l3",0.781319293281302,2.65618622824835,3.10251274140348,0.00110686215466259,0.0186777446899607
"zmat1",0.995841877474736,-1.35183160844709,3.09930591312427,0.00111831941887018,0.0188459188468002
"nup210",0.750525825194207,7.91656202555364,3.09478613006092,0.00113465362796048,0.0190703287284474
"mtr",0.98747835289046,2.46590087799641,3.08865852986513,0.0011571502976492,0.0193455325555401
"pole",0.854056861273822,4.2204332741502,3.08815511929601,0.00115901668723427,0.0193511385864649
"krba2",0.825407454008031,1.10544551807482,3.0875702461691,0.0011611885881,0.0193618239643746
"acad11",0.961588059760899,-0.225608674670186,3.08499571024402,0.00117079375523166,0.0194706082531222
"ern2",0.818745811830586,0.954664324436638,3.08429331380339,0.00117342698371646,0.0194887564352067
"cd6",0.756349271795889,7.30451600304192,3.08193526852679,0.0011823071382362,0.0195847705375718
"sv2a",0.785693210299142,1.79572122335212,3.07381030683283,0.00121338206321601,0.0200469750287414
"smad9",1.05794355867149,-2.02012062228637,3.07324551290248,0.00121556995259911,0.0200569042178853
"anapc1",0.727700613933662,5.63402890857086,3.07110688569112,0.00122388755263319,0.0201415557001705
"mki67",0.896756691918812,6.04303272300389,3.06986178479197,0.00122875417555317,0.0201953498372127
"wscd2",0.893663653661647,2.4739656877977,3.06926057823526,0.00123111044618894,0.0202077986095871
"tnxb",0.902094536043477,1.48740946496006,3.05612471021257,0.00128364469301043,0.0210155249675633
"mcoln2",0.829937111396765,1.35721444669381,3.05221689395617,0.00129966745817008,0.0212228643460099
"bcl9",0.780651005510561,4.00027512401125,3.04525046932555,0.00132868901964644,0.0216687748636275
"tram2",0.850456915405957,4.04104725440405,3.0400963211319,0.00135054375724556,0.0219968074069932
"atcay",1.16335757045637,-0.819577404381495,3.03644100733761,0.00136624324546979,0.0221953064003762
"hnf1a",0.846489142215287,0.93773842650504,3.03264679449111,0.00138271691673713,0.0224340938519134
"plekhg1",0.840934788813588,3.51142700157169,3.028209787817,0.00140221335138406,0.0227212494206963
"prox1",1.1358025831285,-3.09560585955285,3.02366389014713,0.00142245042691396,0.0229978694447018
"sptbn1",0.772742689861213,6.60301970799693,3.02222103946715,0.00142892957666455,0.023036021580948
"gemin5",0.74185918686971,4.09396456120109,3.01977941444095,0.00143995563706771,0.0231842029259856
"gprc5c",0.862691113335554,1.66707074971801,3.00916028151662,0.00148882680083779,0.0239405622592733
"eno2",0.710652507166321,5.33691449449928,3.00754683095218,0.00149638428138358,0.0240010164116841
"itm2a",0.810877481583075,0.581886074174839,3.00629222350379,0.00150228528646796,0.0240651251402643
"ptpn13",0.860821625050796,2.55867846765686,3.00396184921477,0.00151330294452717,0.0242109315390872
"nol9",0.69135710772803,3.86663990675729,3.00267543466888,0.00151941669475058,0.0242754087125264
"cdon",1.0406102718961,-0.892453243450095,3.00230646316713,0.00152117443629408,0.0242754087125264
"plekhg2",0.806900548545693,5.17906922130239,2.99881940031133,0.00153787899472527,0.0244493743576511
"sbk1",0.8024311842037,3.33743653812508,2.99596249793809,0.00155169028639318,0.0246379566956324
"egr3",1.0071968249268,-0.95507293380207,2.99458250955614,0.00155840239400316,0.024711136750853
"ambp",0.729775881318071,3.49112452920276,2.99040180146603,0.00157890007830066,0.0249758674463605
"atm",0.928041467238534,5.65999878509674,2.98266088098146,0.0016175084413998,0.025554611488565
"plekhb1",0.746626932579904,1.9324662327596,2.98156994459611,0.00162301873471357,0.0256096551660984
"dennd4c",0.909306536497241,3.25407101260929,2.97512154740487,0.001655943052771,0.0260316719452397
"chst1",1.30682659291095,0.0288274603868169,2.97406195767744,0.00166141155624552,0.0260851933656983
"haspin",0.717724329922459,3.05402712286116,2.96732977259926,0.00169654407382807,0.0265707813495824
"lrrc4c",0.978570120697426,-0.398850912168953,2.96687816728918,0.00169892505604334,0.0265751408209551
"ikzf4",0.887822933888754,1.73814927870632,2.9653045232613,0.00170724570125781,0.0266722848185383
"rnft2",0.952388668724363,-1.7779166174635,2.96368463340274,0.00171584991476816,0.0267736136700676
"atp8b2",0.789857272779689,6.72333166036923,2.95462595701051,0.00176470371328719,0.0274231111127223
"chrdl2",1.00432939000127,-2.6315524697004,2.95436068552331,0.00176615337018403,0.0274231111127223
"naf1",0.701617726567354,2.965127378557,2.95351631211762,0.00177077497971885,0.0274563143759549
"npas2",0.811897605050368,1.74576930912347,2.95317678381707,0.00177263648475189,0.0274563143759549
"sall2",0.755858921036239,3.38107706536764,2.94996679513785,0.00179032452572672,0.0276963423263892
"alcam",0.923191633927888,0.815688097363937,2.94809610781753,0.00180070708493679,0.02778893387853
"ttc37",0.868135410867461,3.68172930596406,2.9445380793452,0.00182060709203313,0.028061771995374
"slc6a18",0.888141616320141,-0.092764090768122,2.93994093790424,0.00184661731396547,0.0283846310656577
"smyd5",0.732698568485902,2.16646520049275,2.93465165506815,0.00187696464463301,0.0287104457196077
"znf724",0.909164082464394,0.785193936821405,2.93397759781599,0.00188086470890381,0.0287104457196077
"ddx21",0.786247907150036,4.0859046516216,2.93321204234365,0.00188530318066813,0.0287434823889801
"synpo",0.790882191801411,5.86639381347283,2.92837909995796,0.001913545390508,0.0291038510115891
"serpinb9",0.899009792994034,3.68748007947167,2.92629064969462,0.00192586911133489,0.0291900010977071
"ptprb",0.943594201113636,1.46522607773744,2.92608957877741,0.00192705943666715,0.0291900010977071
"krba1",1.00571082498642,0.743418943272108,2.92600908104734,0.00192753616624227,0.0291900010977071
"smc6",0.679030488460472,5.54400662265197,2.92572089250662,0.00192924378314972,0.0291900010977071
"nusap1",0.805726936797375,2.5870235804607,2.92546566471362,0.00193075725276392,0.0291900010977071
"tnfrsf9",1.11709696488682,-2.57262391958023,2.92332090387514,0.0019435184423838,0.0293478250815876
"enpp2",0.802508703664089,4.18903877652197,2.92286347643377,0.00194625007757605,0.0293540032583338
"mtor",0.950553674815053,3.88402620034612,2.92021868997113,0.00196211307812325,0.0294876898863255
"kcnk6",0.778970848277519,2.39461334396705,2.91376344325731,0.00200132882410498,0.030005688028307
"clip3",0.777591012708222,4.23044633379859,2.91184356209654,0.00201312976734296,0.030146856788445
"irf8",0.77426131582294,5.27081194214574,2.91074939136447,0.00201988376253893,0.0302122022186149
"havcr2",0.982652165883676,1.07816716675411,2.90535234019637,0.00205350252169613,0.0306425246419331
"slc1a7",1.06965102670624,-2.24821119006319,2.89869626388104,0.00209566845125013,0.0312195133797045
"shcbp1",0.879465141912457,1.4790167751732,2.89627735943974,0.00211118720041159,0.0313552232972997
"bco1",0.878806731409683,0.533474673366921,2.8914971747411,0.00214216437763177,0.0317779525456432
"smyd4",0.770267873234093,2.81474608801517,2.88740575010951,0.00216900752436972,0.0321384362256845
"lancl1",0.757791665296501,3.29291529621252,2.88433922983427,0.00218932758284408,0.032363638970253
"trav18",0.758092983570291,3.44832746590729,2.8791193429204,0.00222431715849421,0.0328424586053836
"myo19",0.76148994224207,2.12330802617851,2.87751502833923,0.00223517325681382,0.0329258214369113
"nemp1",0.959932682617804,1.03867006576654,2.87404821022679,0.00225879802336463,0.0332350968769565
"cr1",0.883189600892368,3.41455581420589,2.87142236584262,0.0022768434537845,0.0333840190398866
"bhlhb9",0.733038841856241,2.71824338278145,2.86239275790681,0.00233990617080911,0.0342292524222875
"slc22a11",1.07599672160834,-2.67373813383626,2.8561972072606,0.0023840935246686,0.0348353272350132
"bhlha15",0.879864743238402,1.23691034184115,2.8468594487861,0.00245213094363716,0.0357880866011895
"ccnf",0.866694812823851,1.6922152009039,2.83916163883466,0.0025095453915728,0.0365416407881205
"ubash3a",0.707814547603492,5.91881356164739,2.83774372479037,0.00252025363047591,0.0366553344483142
"ccn6",1.13072826551639,-1.93901692636583,2.83712375058307,0.00252494881519905,0.0366814115808054
"dpy19l2",1.02120506442613,-0.603400416943489,2.83487680499503,0.00254203222295553,0.0368448913600171
"plxnd1",0.796510119819773,5.77465344726974,2.8335168615393,0.00255242289329308,0.0369531190702535
"nup155",0.800054810780405,2.94408412446019,2.83141774414039,0.00256853720968833,0.0371035263016219
"rcn3",0.839245326056672,1.59436687451274,2.8313987966467,0.00256868308520604,0.0371035263016219
"faslg",0.902615561689399,2.54106654894993,2.82914824282956,0.0025860637334961,0.0373119401000653
"fst",1.07568695237895,1.87891835228278,2.82226619608511,0.00263987929316495,0.0380449650927159
"arhgef26",0.968874586204474,-0.88691863549578,2.81964415972728,0.00266064966636613,0.0382832529298894
"sspn",1.01547753070116,-2.71397062140042,2.81941504235076,0.00266247166115775,0.0382832529298894
"ryr1",0.800539763977651,2.09069088276026,2.81819416461697,0.00267219953034658,0.0383227082553742
"sorbs2",1.17110953749359,-1.48063136110404,2.81407857052621,0.00270523114676902,0.0387218759501854
"slc16a14",0.80836679273401,1.43798986277607,2.81309057076703,0.00271321588131199,0.0387922347555455
"akap1",0.730377031246829,3.82498494198651,2.80957935027901,0.00274176648960226,0.0391561431209977
"gh1",1.13375362936526,-2.71749641723668,2.80821268106276,0.00275295292571428,0.0392715259910867
"spag5",0.821096885870439,2.90654999276854,2.80406160247073,0.0027871852871745,0.0397150336466725
"wdr75",0.658387273015937,4.04511643729462,2.79815435200733,0.00283656779224992,0.0403731760430706
"micalcl",0.986361887183472,1.4436612004597,2.79319363566394,0.00287865066381616,0.0408800738651376
"large2",0.692087364871285,4.47473530187881,2.78594927670728,0.00294112609405587,0.0416269795103831
"erbb3",0.880172672321813,3.70112004557895,2.78395671797887,0.00295852463291701,0.0418263901962394
"syt11",0.870789163933437,0.893350409148775,2.78208931770704,0.00297491513588508,0.0420111200027392
"kazn",0.871560183287248,-0.450116932096704,2.78033819326901,0.00299035995584868,0.0421455528103212
"arhgef39",0.765487089457488,2.52167099040339,2.77775853029341,0.0030132451244042,0.0423160056970496
"utp20",0.974782939389629,2.24956369281414,2.77540316921087,0.00303427920211053,0.0425169122344512
"znf366",1.01002340189417,0.528658016387217,2.77442637102376,0.00304304134158759,0.0425924690103273
"zfp26",0.746590115745378,4.08916473322877,2.77395370727749,0.00304728950303289,0.0426047478195052
"prrt2",0.86714170170561,1.13170034581703,2.76963819662915,0.00308632574087415,0.0431028409269706
"manea",0.97129497103184,-0.338712216588658,2.76461449006357,0.00313233935736999,0.043697171233774
"ccdc3",1.27961299417359,-2.05845725120885,2.75958491844745,0.00317903040993343,0.0442508428977407
"mast1",0.859336592048825,0.211453633857286,2.75693594595951,0.00320387303959877,0.0445475812403618
"tnk1",0.79583045014475,2.70623578747875,2.75138135999048,0.00325653987927908,0.0450321745450856
"eomes",0.863484750979097,5.14240504141761,2.75022885106877,0.00326756544769261,0.0451352564955047
"stat4",0.677063390776167,5.75995796136987,2.74938761288052,0.00327563457327931,0.0451973202747568
"ncaph",0.824205252073112,2.66864595000369,2.74672975542514,0.00330124747483105,0.0455010543450269
"ccdc69",0.65994550114528,5.22832360869696,2.73624878312693,0.00340402786344917,0.0467355790961365
"tgfb2",0.838590542340332,0.404928511462399,2.73608998797809,0.00340560711666601,0.0467355790961365
"nup160",0.729531410283443,3.98762937536699,2.73085736357813,0.00345801940044906,0.0473162392593683
"sipa1l3",0.780683909439279,3.71819149285955,2.72750703485333,0.00349196019545747,0.0476658851158115
"rbbp8nl",0.933311621995171,-0.612287973602333,2.72747807410647,0.0034922548949475,0.0476658851158115
"pms2",0.660960217559416,3.94392831916385,2.72535001630823,0.00351397134806499,0.0479105543346207
"cep55",0.966358193853146,0.0821177662427581,2.72430730971815,0.00352465654015971,0.0480044547533174
"tmem121",0.879229032615071,-0.361788529490718,2.72378744280144,0.00352999488285359,0.0480254093911587
"plekha1",0.791847690845054,2.80449456501644,2.72264073392079,0.00354179594109983,0.0481341493543663
"gpr18",0.687366388266456,4.97700426374971,2.7205471475706,0.00356343368061243,0.0483761957994205
"sh2d7",0.829282101993483,-0.0811411985062103,2.71870199090536,0.00358260292819488,0.0485842472204454
"dhx57",0.805699145384823,2.3878958552684,2.71665204864263,0.00360400905185983,0.0488221547764806
"mtmr1",0.679072642802119,3.56537257604782,2.7151266658294,0.00362001257563106,0.0489864442648832
"slc39a14",0.810708255591957,1.3211805742233,2.71122003109247,0.00366129249722836,0.0494920597566516
"enpp5",0.829991881596063,5.03023913895095,2.70982136876962,0.00367617480682767,0.0496401425037339
"pla2g15",0.714707722313496,2.7328955140513,2.70726710445798,0.0037034944048087,0.0499556731935722
